,Sensor 1,Sensor 2,Sensor 3,Sensor 4,Sensor 5,Sensor 6,Sensor 7,Sensor 8
0,268,92,120,175,159,73,133,106
1,264,103,124,175,160,71,133,106
2,266,90,117,179,159,72,132,106
3,263,91,119,179,160,80,136,108
4,266,87,116,178,159,72,133,104
5,264,103,117,183,160,79,131,106
6,267,87,118,176,159,72,133,108
7,266,87,117,179,160,79,130,106
8,266,77,117,178,164,73,135,103
9,266,87,121,179,160,73,132,105
10,270,87,116,179,160,73,133,105
11,263,92,115,175,159,73,134,106
12,263,90,120,175,159,71,131,103
13,263,89,118,180,160,71,131,105
14,263,96,117,179,161,73,134,108
15,266,87,117,175,159,72,136,105
16,263,76,119,180,159,73,132,112
17,263,89,124,177,160,71,133,106
18,265,100,118,178,160,76,140,108
19,268,93,119,180,159,72,140,109
20,263,92,117,179,159,73,132,108
21,268,89,118,180,160,73,133,105
22,259,94,119,178,160,76,136,105
23,260,86,115,175,159,73,133,106
24,264,90,115,175,159,74,134,106
25,263,86,117,179,160,73,131,106
26,266,86,118,184,160,74,136,106
27,265,88,120,177,160,71,131,103
28,266,89,119,178,160,76,131,103
29,266,86,118,177,157,71,133,106
30,266,99,118,184,161,72,131,105
31,266,88,118,180,159,73,136,105
32,267,96,118,177,160,71,131,105
33,266,101,118,175,159,73,134,106
34,266,92,117,179,159,73,133,106
35,263,87,118,177,159,73,131,103
36,263,104,119,179,164,71,133,104
37,265,87,115,175,159,73,133,106
38,268,91,119,178,160,71,133,106
39,265,100,119,179,161,73,133,106
40,266,75,118,184,161,73,131,103
41,263,88,118,178,160,72,136,108
42,265,92,115,179,159,73,133,106
43,265,83,117,178,159,72,136,105
44,267,104,118,178,160,71,133,106
45,263,87,121,175,159,73,133,106
46,263,89,118,178,160,73,136,103
47,267,100,115,175,159,73,133,106
48,266,85,118,178,160,80,136,105
49,263,93,118,178,159,73,133,106
50,263,88,119,178,160,76,131,103
51,268,87,120,177,159,73,133,108
52,263,96,119,178,160,78,136,105
53,268,90,115,179,159,72,132,104
54,272,91,118,178,161,72,136,112
55,268,97,118,184,159,72,136,103
56,263,83,120,175,159,73,136,108
57,265,93,115,175,159,74,132,106
58,265,92,117,178,160,71,133,112
59,268,94,115,178,159,73,134,106
60,263,89,124,175,159,73,132,112
61,263,89,117,175,159,72,131,106
62,265,87,117,177,159,73,133,106
63,263,96,118,178,164,76,136,105
64,268,90,117,178,160,80,136,103
65,268,87,124,175,159,73,132,108
66,268,89,117,175,159,73,133,106
67,263,88,118,184,160,71,133,106
68,269,90,120,177,159,71,133,106
69,265,88,118,179,159,74,134,106
70,263,90,115,175,159,72,140,108
71,269,100,117,175,159,73,133,106
72,276,87,120,180,159,71,132,106
73,269,88,117,178,160,71,132,103
74,272,97,118,178,160,71,131,103
75,276,90,117,175,159,73,133,106
76,269,85,118,178,159,73,133,106
77,263,87,118,180,160,74,136,105
78,265,78,120,177,160,76,136,103
79,265,99,120,176,160,71,131,103
80,270,89,117,178,164,71,133,106
81,270,80,115,178,159,72,132,104
82,271,92,118,178,160,72,140,112
83,271,87,118,178,160,72,132,109
84,270,76,118,178,160,72,132,112
85,269,95,119,180,160,71,131,103
86,270,89,120,177,160,71,133,106
87,271,83,116,180,160,71,131,103
88,267,87,118,175,160,73,133,108
89,271,90,120,175,159,73,133,106
90,267,85,118,177,159,74,133,106
91,272,76,118,178,160,71,131,103
92,276,90,118,180,160,71,133,103
93,272,87,118,178,160,81,136,105
94,267,87,118,178,159,72,131,103
95,272,85,117,178,160,71,133,106
96,273,100,120,178,161,71,133,106
97,272,88,120,177,159,73,131,106
98,271,71,117,175,159,73,132,104
99,267,87,118,180,160,71,133,106
100,271,100,118,178,157,74,140,103
101,271,87,115,178,168,71,133,106
102,272,89,119,176,160,71,133,105
103,271,92,118,178,159,73,133,104
104,272,92,118,178,160,71,133,106
105,272,101,118,175,156,76,131,106
106,267,88,118,178,159,76,133,105
107,272,86,124,175,159,73,132,108
108,272,88,117,175,160,72,136,105
109,272,87,124,175,159,73,132,105
110,271,98,120,175,159,73,132,107
111,272,87,118,178,160,71,133,108
112,274,87,124,176,159,73,133,104
113,273,90,118,178,164,71,131,105
114,276,77,118,178,164,74,131,103
115,271,85,115,178,160,77,136,103
116,272,90,117,178,160,77,136,103
117,271,91,118,178,160,73,133,106
118,272,105,115,178,159,72,132,108
119,274,86,124,175,159,73,132,108
120,271,93,118,178,168,73,131,105
121,271,85,118,178,160,71,131,103
122,271,87,118,177,159,73,133,104
123,273,90,117,175,159,73,132,108
124,272,88,115,175,159,73,136,105
125,271,89,120,175,159,73,133,104
126,267,88,120,178,159,71,133,105
127,271,85,118,176,159,73,133,105
128,271,85,118,177,159,73,133,105
129,274,85,118,176,157,73,133,105
130,277,75,117,175,159,73,132,104
131,284,77,120,175,159,73,132,112
132,277,77,118,175,161,80,136,103
133,276,73,120,175,159,73,133,105
134,273,93,117,178,160,80,133,104
135,271,88,117,178,160,80,136,103
136,271,88,115,175,159,73,132,109
137,273,94,115,175,159,73,132,108
138,273,92,115,178,160,80,136,104
139,276,92,117,177,160,76,131,103
140,272,89,118,176,168,73,138,103
141,275,87,115,180,159,76,131,105
142,278,84,124,176,167,72,139,104
143,276,72,124,176,168,72,142,104
144,277,91,115,184,159,78,130,112
145,277,93,118,176,159,73,133,105
146,273,101,124,175,159,72,136,103
147,276,93,120,175,159,74,136,104
148,273,93,118,178,159,73,131,104
149,273,87,118,176,159,71,133,106
150,273,87,115,175,159,72,136,103
151,280,71,118,175,159,73,133,104
152,280,90,115,178,159,72,136,103
153,276,85,118,176,159,73,132,112
154,275,89,115,175,159,74,132,108
155,271,100,115,178,161,74,140,105
156,278,92,117,178,160,76,131,103
157,275,87,117,178,160,74,136,103
158,275,74,115,175,160,74,132,103
159,279,92,118,177,160,72,140,106
160,273,89,117,175,159,72,136,105
161,279,102,118,176,160,71,133,105
162,275,88,118,177,160,73,132,105
163,279,73,118,177,160,71,133,105
164,280,89,120,175,159,72,136,103
165,275,90,120,175,159,73,133,104
166,280,95,118,175,159,74,132,108
167,279,88,117,177,164,76,131,103
168,280,73,118,184,160,71,133,105
169,281,92,118,177,164,73,131,103
170,279,104,118,177,157,74,132,103
171,281,85,118,177,159,73,133,105
172,280,77,118,180,160,73,133,104
173,275,90,118,175,159,75,133,103
174,279,95,117,175,159,73,132,104
175,280,85,120,175,159,73,133,104
176,279,87,118,176,159,74,133,108
177,280,86,118,176,160,71,133,105
178,280,85,118,180,160,71,133,105
179,281,85,118,177,160,71,133,104
180,281,96,118,176,159,73,132,108
181,275,92,117,178,161,80,133,103
182,280,71,116,176,159,73,136,103
183,275,89,120,175,159,73,132,112
184,280,87,118,176,159,73,133,105
185,275,74,124,176,159,73,133,105
186,279,89,118,180,159,73,140,103
187,280,85,116,175,159,73,133,104
188,281,92,118,177,160,71,133,105
189,279,101,118,176,159,73,133,105
190,275,85,116,175,159,73,140,103
191,280,89,115,175,159,73,132,104
192,279,92,115,175,159,73,132,108
193,283,87,115,178,160,80,136,103
194,281,101,120,175,159,73,133,108
195,280,86,120,175,159,73,132,104
196,283,85,116,175,159,73,133,104
197,279,88,115,175,159,73,133,104
198,279,92,124,175,160,74,131,105
199,284,87,118,180,159,73,133,105
200,284,85,118,176,160,71,133,105
201,283,95,118,176,160,73,133,103
202,288,91,118,176,160,73,131,105
203,279,98,115,177,160,74,131,103
204,288,71,116,176,159,73,133,104
205,288,99,120,175,159,73,133,104
206,284,74,115,177,161,76,131,103
207,284,102,115,175,161,72,140,106
208,279,79,120,175,159,73,132,108
209,281,99,120,177,160,73,131,103
210,284,78,118,177,160,77,131,103
211,284,104,118,177,160,77,133,103
212,281,75,120,175,159,73,132,105
213,279,102,115,175,159,73,132,105
214,281,75,116,177,160,72,132,103
215,284,94,118,176,159,73,133,105
216,279,89,115,175,159,72,131,103
217,284,85,118,176,161,71,131,105
218,285,93,118,177,160,77,131,103
219,285,88,115,175,159,73,132,104
220,279,89,117,177,164,71,133,106
221,292,71,118,176,160,71,133,105
222,288,95,118,176,159,73,133,104
223,285,87,118,180,160,71,133,105
224,284,86,118,176,159,73,131,105
225,283,87,116,176,159,73,133,105
226,284,80,118,177,160,78,131,103
227,288,93,118,175,160,78,131,103
228,284,89,118,184,160,71,133,105
229,284,83,118,180,160,71,131,103
230,279,104,118,184,160,71,133,105
231,281,87,116,176,159,73,133,104
232,288,88,115,175,159,72,136,103
233,284,104,115,175,160,74,131,104
234,286,91,118,175,161,71,133,105
235,279,88,115,175,159,73,132,112
236,292,99,117,175,159,73,132,107
237,288,85,118,176,159,73,133,105
238,285,73,118,177,160,73,131,103
239,286,87,118,176,160,71,134,105
240,286,90,117,175,161,76,131,103
241,286,83,118,177,159,73,132,104
242,286,88,115,177,160,74,131,105
243,286,101,120,176,159,73,133,105
244,286,83,118,176,161,71,133,105
245,286,85,118,176,164,73,131,103
246,286,90,120,173,159,73,133,105
247,281,80,118,177,160,72,136,105
248,288,96,115,175,159,73,133,105
249,285,96,115,175,159,73,136,104
250,286,79,116,176,159,73,133,105
251,279,97,117,177,160,76,131,103
252,279,89,118,176,164,71,131,103
253,284,75,115,175,159,73,132,104
254,281,96,115,177,161,72,136,105
255,279,89,118,176,164,72,131,103
256,286,89,115,175,159,72,131,103
257,284,73,124,176,159,73,133,104
258,281,96,118,177,164,73,131,103
259,279,100,118,177,161,77,136,104
260,287,90,117,175,159,73,132,108
261,287,87,118,176,159,73,133,105
262,284,87,124,176,160,71,133,105
263,287,97,118,176,164,71,131,103
264,286,89,120,175,159,73,134,104
265,287,85,118,180,160,71,134,105
266,283,87,114,177,160,73,133,103
267,283,96,115,182,160,73,132,103
268,287,86,116,175,161,73,138,104
269,283,86,114,176,159,72,133,105
270,286,85,121,173,167,72,133,102
271,283,90,114,175,156,73,133,103
272,281,99,117,176,159,72,131,107
273,286,85,121,173,159,72,133,104
274,295,96,115,177,159,73,131,109
275,286,85,118,175,158,73,133,103
276,290,96,125,176,159,72,133,105
277,281,74,116,175,160,73,136,102
278,287,98,115,180,160,73,132,105
279,287,78,118,176,159,72,133,104
280,287,107,115,180,160,77,130,105
281,286,73,118,175,164,72,137,102
282,287,101,117,180,160,78,130,105
283,287,84,123,176,161,72,133,105
284,291,94,118,172,159,73,131,110
285,281,78,116,175,156,73,132,103
286,283,104,115,181,160,74,132,103
287,287,72,118,175,161,73,133,104
288,292,86,122,176,159,72,133,104
289,287,87,117,175,162,72,140,104
290,283,90,115,179,160,74,132,105
291,287,87,118,175,162,72,135,104
292,287,88,116,175,160,73,134,103
293,287,88,118,176,159,73,131,112
294,287,86,115,182,160,73,132,105
295,287,89,118,176,159,75,131,105
296,287,92,117,176,159,77,130,105
297,281,89,114,177,160,73,128,105
298,288,73,118,175,163,72,142,104
299,284,95,116,175,160,71,134,103
300,286,87,116,175,161,73,137,103
301,288,86,118,172,159,72,134,104
302,287,89,115,182,160,73,132,103
303,287,89,117,176,159,74,131,114
304,288,87,116,175,160,73,135,103
305,280,87,117,176,159,72,133,104
306,290,86,121,175,167,72,133,102
307,283,92,115,181,161,73,138,104
308,292,84,118,176,159,72,133,105
309,286,89,122,175,160,72,133,103
310,288,79,115,177,159,73,131,109
311,286,87,116,175,160,73,136,102
312,287,92,117,179,160,73,132,103
313,287,104,118,177,160,76,131,103
314,287,100,115,175,159,74,132,108
315,287,87,117,180,160,71,133,105
316,287,92,118,176,160,71,133,105
317,288,73,115,177,160,71,131,103
318,288,92,117,177,160,76,131,103
319,287,87,118,180,160,73,133,108
320,287,101,118,176,168,73,131,103
321,288,92,117,176,161,71,134,105
322,287,87,124,173,159,73,133,104
323,287,80,118,176,159,76,131,105
324,288,92,115,175,159,73,132,108
325,288,87,120,175,159,73,136,103
326,288,88,117,177,160,74,131,103
327,287,73,118,177,160,71,131,103
328,288,87,115,175,161,76,131,105
329,287,95,120,175,159,73,133,105
330,287,85,118,180,160,71,133,105
331,287,80,115,177,160,73,133,108
332,287,87,118,176,164,71,131,103
333,283,104,118,177,160,73,131,103
334,288,87,118,176,160,73,133,104
335,288,89,117,175,159,73,133,104
336,288,95,115,175,159,73,133,104
337,292,93,118,176,159,73,132,106
338,288,92,115,175,159,73,134,104
339,288,92,117,177,160,80,136,103
340,290,91,116,176,159,73,132,105
341,290,79,118,176,160,71,133,105
342,290,89,118,176,159,73,132,108
343,289,88,118,176,160,80,136,103
344,287,75,118,176,160,77,133,103
345,292,96,120,175,159,71,134,105
346,296,96,115,176,160,74,133,106
347,292,75,120,175,159,72,136,103
348,287,87,118,176,161,71,131,103
349,292,96,115,177,160,80,136,103
350,296,79,115,175,159,73,133,104
351,296,87,117,176,160,73,132,103
352,293,83,118,176,160,71,134,105
353,292,91,120,175,159,74,134,104
354,287,104,115,175,160,72,134,103
355,287,83,118,176,164,72,131,103
356,292,96,118,175,161,74,131,105
357,287,91,117,176,160,76,131,103
358,294,83,115,175,159,73,134,112
359,287,89,118,176,168,71,131,103
360,292,88,120,175,161,76,131,103
361,291,92,118,177,164,73,131,103
362,294,96,117,177,160,80,136,104
363,294,86,118,177,160,71,133,103
364,287,96,118,176,159,72,131,103
365,291,92,118,177,160,73,131,103
366,294,99,116,176,160,71,134,105
367,294,74,118,176,160,73,134,105
368,294,99,118,176,164,72,131,103
369,294,71,118,176,160,71,133,105
370,295,88,115,177,160,73,131,103
371,294,83,118,176,162,73,131,103
372,294,87,120,176,160,71,134,105
373,295,87,118,176,159,73,134,105
374,294,87,118,176,160,71,133,103
375,291,87,118,176,168,74,131,103
376,294,86,118,174,159,74,131,105
377,291,94,115,180,160,73,132,103
378,297,99,126,176,162,72,134,105
379,291,88,115,183,160,73,132,103
380,295,93,115,186,160,73,132,103
381,298,84,121,175,165,73,139,104
382,294,84,117,176,159,78,131,105
383,291,87,116,176,160,73,132,103
384,294,89,116,175,160,73,136,103
385,287,107,115,180,160,73,130,105
386,292,87,117,175,163,72,135,101
387,288,87,116,175,161,73,137,102
388,288,85,116,175,162,73,139,102
389,295,76,118,172,159,72,133,106
390,292,86,117,175,160,73,132,103
391,299,84,126,176,159,72,133,105
392,292,89,118,175,163,72,137,104
393,292,99,116,175,160,73,134,103
394,296,85,119,175,165,72,139,104
395,292,87,116,175,160,73,136,102
396,289,87,117,175,164,72,133,101
397,294,87,118,175,164,73,134,102
398,294,75,117,175,163,72,140,104
399,288,75,116,175,160,73,137,102
400,295,86,117,176,159,75,131,110
401,289,87,116,175,162,73,139,102
402,289,90,116,175,160,73,135,103
403,299,88,125,176,159,72,133,106
404,297,92,126,176,159,72,133,107
405,299,101,123,175,160,74,134,103
406,288,89,115,179,160,73,132,103
407,291,101,116,177,160,73,136,103
408,291,87,116,176,160,73,134,103
409,291,87,115,181,160,73,133,104
410,291,95,115,180,160,75,132,103
411,289,90,114,175,160,73,135,103
412,294,89,118,175,164,73,140,104
413,295,86,117,176,159,74,131,111
414,294,85,117,175,163,73,139,102
415,292,87,116,175,160,73,137,104
416,291,90,116,175,161,73,137,104
417,295,82,115,177,159,76,131,105
418,295,71,121,173,162,72,133,104
419,297,86,118,176,159,74,131,108
420,295,92,115,180,160,79,130,105
421,291,75,115,182,160,73,132,103
422,302,72,117,172,159,73,131,110
423,299,85,119,175,166,72,138,104
424,292,75,116,175,161,73,134,103
425,292,75,116,175,162,73,138,104
426,300,72,118,172,159,72,133,105
427,303,84,118,172,159,73,131,108
428,295,86,118,174,159,73,131,110
429,295,86,117,174,159,77,131,104
430,289,87,116,175,160,73,132,104
431,295,93,117,181,160,73,132,103
432,289,91,116,175,162,73,142,104
433,294,89,115,181,160,73,132,103
434,296,90,117,176,159,74,131,109
435,295,90,117,176,159,76,131,105
436,291,93,117,178,160,79,130,105
437,300,88,118,176,159,75,131,105
438,296,93,115,175,162,73,136,105
439,291,100,117,177,161,72,140,104
440,296,95,120,175,159,73,134,104
441,291,97,118,176,161,71,133,103
442,295,96,118,180,160,71,133,105
443,296,103,115,175,159,74,134,104
444,291,104,117,177,162,76,131,103
445,296,95,117,176,164,71,131,103
446,296,102,115,175,162,72,136,105
447,295,99,118,176,168,73,131,103
448,296,102,115,175,162,73,131,105
449,296,104,115,175,159,73,134,104
450,300,102,117,175,159,73,133,104
451,294,102,115,175,162,72,136,104
452,300,87,116,176,159,73,134,104
453,291,91,118,176,160,76,131,103
454,296,94,115,175,162,72,140,104
455,295,90,117,176,162,71,134,105
456,300,96,118,176,160,76,131,103
457,297,86,115,175,162,72,140,106
458,296,74,118,177,160,71,134,105
459,296,73,118,176,160,71,134,105
460,291,90,115,175,159,73,134,108
461,296,87,124,176,159,71,131,103
462,291,93,120,184,162,73,136,105
463,297,89,118,176,161,73,134,105
464,295,98,118,180,160,71,131,103
465,291,97,118,176,162,80,136,104
466,297,86,118,176,160,71,134,105
467,291,88,115,176,162,78,136,103
468,291,77,118,177,161,71,133,105
469,295,87,118,180,161,71,131,103
470,295,86,118,180,161,71,133,103
471,295,99,118,176,162,72,133,103
472,298,83,115,177,162,76,131,103
473,296,88,115,175,159,73,134,112
474,298,86,124,175,162,77,133,105
475,296,90,120,173,159,73,134,105
476,291,87,121,175,159,73,134,108
477,298,80,118,173,159,73,140,103
478,298,87,118,180,161,71,131,103
479,293,97,118,176,160,71,134,105
480,291,88,118,184,161,71,133,105
481,300,76,115,175,162,73,134,109
482,296,89,117,175,159,73,134,112
483,291,98,115,175,162,74,134,104
484,298,96,117,177,164,71,134,105
485,298,87,118,176,160,71,134,104
486,293,91,115,182,160,73,132,103
487,292,101,115,177,165,73,137,102
488,298,95,115,179,160,78,131,109
489,298,84,118,176,159,72,134,104
490,298,84,118,176,162,72,134,105
491,295,95,115,180,160,73,132,103
492,302,92,126,176,162,72,133,104
493,296,87,116,175,160,73,132,103
494,292,91,114,175,160,73,134,103
495,295,91,117,177,160,79,132,105
496,292,93,115,179,161,76,131,110
497,296,85,116,175,162,73,136,102
498,300,87,118,175,165,72,141,104
499,298,102,115,176,160,73,135,103
500,300,87,120,175,167,71,134,102
501,299,78,117,176,159,73,131,114
502,293,87,116,175,162,73,139,104
503,295,102,115,181,160,74,132,105
504,298,87,118,174,159,74,155,103
505,293,94,115,180,160,73,132,103
506,295,92,117,178,160,82,131,104
507,306,87,118,172,159,73,131,109
508,292,76,116,175,160,73,134,103
509,296,87,116,175,160,73,137,103
510,295,91,118,176,159,72,141,104
511,298,75,118,175,166,72,134,102
512,298,88,118,172,159,72,133,107
513,299,100,117,177,161,78,131,105
514,295,93,117,180,160,82,130,103
515,302,84,117,176,162,72,134,106
516,293,103,115,177,160,73,134,103
517,303,85,117,175,160,73,134,103
518,296,91,115,182,160,74,134,103
519,295,103,117,177,160,81,132,103
520,298,87,116,175,160,73,135,103
521,299,85,123,173,163,71,139,104
522,296,102,116,175,160,73,136,103
523,298,85,120,173,170,72,134,102
524,293,92,114,175,160,73,133,103
525,296,98,118,175,164,73,140,104
526,300,78,120,185,159,72,135,105
527,295,88,118,174,159,73,131,114
528,299,89,118,172,159,72,134,105
529,298,71,116,175,163,73,137,102
530,299,87,116,175,160,73,134,101
531,300,87,120,173,172,72,134,104
532,305,84,118,176,159,72,134,107
533,302,98,120,176,162,72,133,105
534,304,84,118,172,159,72,134,104
535,296,89,115,176,160,73,134,103
536,301,88,123,173,168,72,134,102
537,293,78,115,183,160,73,134,103
538,293,88,118,177,162,77,136,103
539,299,83,118,176,168,73,131,103
540,295,99,118,176,164,71,133,105
541,304,92,115,177,162,71,134,104
542,298,80,118,176,162,73,134,103
543,298,92,115,175,163,72,133,108
544,304,95,118,176,159,73,134,104
545,301,87,118,176,161,71,131,103
546,301,77,116,176,161,73,134,104
547,304,91,120,175,159,73,134,104
548,297,100,117,175,162,72,136,103
549,300,91,115,175,163,73,134,106
550,302,85,118,176,164,73,131,103
551,295,88,115,175,163,73,134,106
552,300,89,115,175,159,73,134,104
553,302,99,118,176,161,73,134,105
554,295,87,118,177,161,71,134,105
555,301,88,117,175,159,74,134,104
556,295,78,117,177,162,71,134,104
557,299,87,118,176,160,76,133,103
558,295,92,118,177,162,76,133,103
559,302,99,118,176,159,73,134,104
560,295,96,118,177,162,76,133,103
561,302,89,115,175,163,73,134,108
562,303,87,116,176,161,71,134,104
563,302,85,118,180,161,71,131,103
564,302,93,115,175,159,73,134,104
565,295,87,118,177,162,76,133,103
566,304,80,117,177,163,72,140,106
567,302,83,118,176,161,71,134,104
568,308,88,120,175,159,73,134,104
569,302,96,118,176,161,73,134,108
570,308,94,115,175,163,73,140,108
571,304,103,115,175,159,73,134,104
572,297,97,118,180,161,71,134,104
573,302,93,118,176,162,76,131,103
574,302,89,120,175,159,73,135,104
575,295,93,118,177,163,72,134,105
576,302,97,117,177,163,72,136,103
577,295,83,118,180,163,72,133,103
578,299,98,117,180,160,73,132,103
579,302,89,117,176,159,76,131,104
580,299,91,117,176,159,74,131,108
581,302,85,121,175,168,72,134,102
582,302,87,118,175,165,72,135,101
583,299,90,115,181,160,73,132,103
584,302,76,117,176,161,77,131,104
585,302,101,117,175,164,72,135,101
586,300,75,116,175,162,73,138,103
587,303,89,120,175,168,72,134,101
588,302,88,121,173,169,72,134,104
589,307,85,122,173,168,72,134,104
590,297,103,115,184,160,73,132,103
591,303,78,117,177,161,79,130,103
592,297,95,116,175,162,73,134,103
593,303,86,118,172,163,72,134,104
594,304,87,114,175,162,73,136,103
595,303,87,117,176,161,71,133,104
596,304,89,120,176,161,73,134,104
597,303,86,118,176,161,71,134,103
598,299,87,115,176,162,73,131,104
599,308,89,120,175,163,73,135,104
600,303,83,118,184,161,71,131,103
601,304,87,118,184,161,71,131,103
602,304,102,118,176,161,71,134,105
603,304,88,115,175,163,72,136,104
604,308,88,115,175,163,72,136,104
605,303,83,118,176,161,71,134,105
606,308,89,117,175,163,74,131,103
607,304,102,115,175,163,74,136,103
608,305,90,120,175,159,73,134,104
609,304,76,115,175,163,72,140,105
610,299,91,118,176,172,73,131,103
611,303,100,120,175,159,73,134,104
612,303,94,118,176,161,73,134,104
613,304,88,115,175,163,73,132,106
614,303,75,115,175,163,72,131,103
615,303,87,118,176,164,73,131,103
616,304,98,116,176,161,73,135,104
617,303,86,118,180,164,73,131,103
618,299,83,118,184,161,73,131,105
619,303,98,120,176,161,71,134,105
620,304,91,118,176,161,73,134,112
621,299,74,120,175,163,76,133,103
622,304,91,117,175,159,73,134,104
623,304,97,120,175,163,73,135,104
624,303,83,118,176,168,73,131,103
625,302,93,118,177,162,80,136,103
626,304,91,115,175,159,73,135,104
627,302,85,118,180,161,71,133,103
628,295,92,117,177,164,76,133,103
629,304,103,120,176,161,71,134,104
630,302,85,118,176,161,71,134,104
631,302,89,118,177,162,80,136,103
632,304,106,115,177,163,72,140,105
633,297,88,115,175,163,73,134,104
634,295,74,124,175,163,73,134,104
635,297,104,115,175,163,72,136,103
636,304,92,118,177,162,74,136,105
637,302,87,118,176,172,75,133,103
638,302,103,120,175,159,73,134,105
639,295,80,117,177,163,72,140,105
640,304,90,117,176,164,71,135,104
641,302,86,118,180,164,73,131,103
642,308,89,115,175,163,74,131,103
643,295,92,117,180,160,80,132,103
644,302,90,123,173,168,72,135,101
645,300,90,116,175,162,73,134,103
646,306,88,122,176,163,72,135,104
647,297,77,115,181,160,73,132,103
648,299,90,117,176,161,77,132,104
649,302,87,116,175,164,73,138,101
650,300,102,116,175,163,73,137,102
651,305,88,124,176,163,72,135,104
652,301,87,118,176,159,73,133,109
653,302,77,122,173,168,72,135,102
654,301,86,117,175,165,72,135,101
655,300,87,116,175,163,71,137,102
656,303,98,117,176,161,74,133,109
657,295,91,115,179,160,73,134,103
658,305,86,118,176,163,72,135,106
659,308,72,126,176,163,72,135,104
660,303,85,121,175,168,72,135,101
661,305,84,118,176,163,72,135,106
662,295,88,118,176,164,73,131,104
663,304,88,115,177,163,80,136,103
664,297,89,118,178,168,73,131,103
665,295,93,118,177,161,73,140,103
666,297,85,118,177,161,73,134,104
667,295,87,118,177,162,76,133,103
668,300,104,118,177,163,73,135,108
669,301,91,124,176,161,73,135,104
670,301,92,118,176,164,71,135,112
671,297,102,115,175,164,73,134,106
672,300,87,118,176,163,71,134,108
673,300,85,118,177,162,80,136,104
674,300,105,121,175,164,76,133,104
675,300,96,117,175,164,73,134,104
676,304,91,118,176,161,71,135,103
677,295,92,115,175,163,73,135,104
678,304,96,118,175,164,72,136,103
679,300,83,115,176,164,73,131,104
680,300,89,118,176,172,72,131,103
681,300,94,115,175,164,73,135,104
682,300,89,118,176,164,72,136,103
683,297,89,118,180,163,73,133,103
684,295,86,118,176,164,72,133,103
685,300,87,117,176,168,73,133,104
686,300,90,118,175,164,73,133,104
687,300,101,115,175,163,73,135,104
688,304,85,118,176,161,73,135,104
689,300,85,118,176,164,72,132,112
690,298,87,118,177,161,71,134,103
691,304,104,118,177,164,80,136,104
692,295,87,118,184,161,71,135,104
693,300,92,120,175,163,73,135,104
694,300,86,116,176,163,74,133,104
695,304,94,115,175,164,73,135,104
696,304,102,118,176,161,73,135,104
697,300,87,118,176,172,80,137,105
698,295,85,118,176,172,74,133,103
699,295,74,117,175,163,73,135,104
700,299,75,118,176,163,73,135,104
701,296,88,120,177,161,71,131,103
702,295,91,118,176,164,77,134,104
703,297,106,115,175,164,74,135,104
704,299,89,115,175,164,72,134,108
705,299,87,118,180,168,74,136,103
706,295,90,115,175,164,72,136,103
707,299,74,117,175,164,73,135,104
708,298,88,115,177,164,73,131,103
709,299,87,118,175,164,73,135,104
710,299,89,115,176,168,72,131,103
711,295,95,117,175,163,73,135,104
712,299,93,118,176,163,73,135,104
713,295,99,118,177,164,72,134,108
714,293,87,118,176,163,73,135,104
715,295,96,115,175,164,73,134,104
716,298,93,117,180,161,78,132,103
717,298,86,118,176,163,73,133,109
718,292,88,122,176,164,72,135,107
719,303,89,118,173,168,72,140,104
720,291,89,121,175,171,72,135,104
721,295,108,115,181,160,73,136,101
722,298,100,117,178,161,73,134,103
723,300,96,118,172,163,73,133,106
724,303,94,120,175,164,73,136,103
725,301,88,123,176,163,73,133,113
726,304,84,118,176,164,73,135,107
727,300,84,118,176,163,77,132,103
728,295,87,115,183,160,73,135,103
729,291,85,118,176,164,72,135,102
730,291,75,117,175,166,72,135,102
731,299,87,118,176,163,73,135,105
732,302,87,118,173,170,72,135,103
733,298,92,114,181,163,73,133,109
734,296,95,117,175,166,72,137,101
735,298,98,124,176,164,72,135,102
736,295,94,116,175,162,73,137,102
737,304,92,115,181,161,78,132,112
738,299,91,115,181,160,73,132,103
739,295,75,118,175,168,71,139,101
740,298,84,117,176,163,75,133,112
741,293,85,119,175,164,73,136,103
742,296,88,119,175,172,72,135,105
743,295,88,115,179,161,83,132,103
744,291,102,117,179,160,73,134,103
745,300,91,118,172,163,72,138,103
746,298,89,117,178,161,76,132,103
747,296,84,123,175,166,72,140,102
748,298,82,117,178,161,77,132,103
749,297,95,118,180,161,71,131,103
750,296,96,117,175,164,73,135,104
751,296,93,117,173,163,73,135,104
752,295,92,115,175,164,73,134,104
753,291,88,115,175,163,73,135,104
754,294,74,118,176,168,71,134,103
755,294,85,118,177,161,71,135,103
756,295,90,117,175,163,73,135,104
757,291,101,115,177,164,73,135,104
758,296,89,120,176,159,73,135,104
759,291,80,117,177,164,74,133,103
760,295,92,118,177,164,76,131,102
761,294,87,118,176,161,71,133,103
762,296,87,118,176,163,73,135,104
763,289,85,118,184,161,71,134,103
764,289,83,118,176,163,73,135,104
765,292,89,120,176,161,71,134,103
766,295,92,118,177,164,73,131,102
767,295,88,115,175,164,72,135,104
768,296,87,120,175,164,73,134,105
769,294,98,118,176,172,73,131,103
770,292,86,118,176,163,73,135,104
771,294,80,117,176,164,73,135,103
772,291,97,118,177,161,71,135,104
773,287,88,115,175,164,73,134,104
774,289,78,115,177,164,73,133,101
775,293,87,118,176,163,73,135,104
776,296,88,115,175,164,76,136,103
777,292,76,117,175,164,76,131,108
778,289,96,118,177,164,74,131,104
779,293,85,118,176,164,77,131,103
780,293,89,120,175,164,71,135,105
781,292,74,121,175,168,72,135,103
782,289,88,114,175,164,73,138,101
783,292,101,119,175,170,72,135,104
784,288,85,123,176,164,72,134,109
785,291,76,118,176,163,75,132,103
786,287,87,116,175,164,73,140,101
787,291,89,122,175,170,72,135,103
788,288,77,118,175,167,72,135,100
789,293,88,118,178,161,76,132,103
790,290,98,122,173,164,72,135,103
791,288,87,117,175,166,72,135,103
792,287,83,115,181,160,73,134,103
793,292,93,115,184,160,73,136,102
794,287,93,115,181,160,73,135,103
795,287,87,115,177,162,73,138,101
796,293,86,118,176,163,76,132,104
797,287,102,116,175,168,72,135,102
798,287,94,117,182,160,73,132,103
799,291,84,126,176,164,72,133,109
800,287,102,117,181,161,73,134,103
801,293,84,118,176,164,73,133,104
802,281,89,116,175,164,71,144,100
803,287,97,118,184,161,73,135,104
804,288,77,118,177,161,71,135,103
805,288,100,120,176,163,73,135,104
806,287,77,118,177,168,71,134,103
807,283,99,120,177,164,73,134,104
808,292,99,120,175,163,73,135,103
809,288,87,118,176,163,73,135,104
810,288,102,117,167,165,73,135,104
811,287,74,118,176,163,73,135,104
812,288,94,118,176,163,72,144,104
813,287,92,118,175,165,73,136,103
814,288,88,118,176,164,76,136,104
815,290,87,117,176,163,73,135,108
816,288,81,117,177,164,73,133,103
817,288,99,118,184,163,71,134,103
818,288,83,118,180,168,73,131,103
819,287,85,118,180,163,71,135,103
820,288,90,118,176,164,73,140,102
821,290,83,118,177,164,76,136,103
822,288,88,124,176,163,71,133,103
823,287,92,115,175,165,73,134,104
824,287,87,118,176,168,73,133,103
825,287,88,120,175,165,73,135,104
826,288,96,115,175,165,71,135,104
827,287,91,115,175,165,73,133,103
828,289,76,118,184,164,74,133,103
829,287,87,116,175,164,72,133,103
830,287,89,118,175,165,73,135,104
831,288,77,118,176,163,73,134,103
832,290,91,117,178,168,73,134,102
833,288,87,118,177,163,71,133,103
834,296,91,115,175,163,73,135,104
835,288,88,115,175,172,71,135,104
836,288,97,118,184,163,71,135,104
837,287,90,118,177,163,78,132,103
838,288,90,117,175,164,73,135,104
839,288,76,124,176,163,71,133,103
840,287,83,118,176,172,76,136,104
841,288,96,115,175,165,73,135,104
842,287,89,120,175,163,73,135,104
843,288,92,115,175,165,74,134,104
844,292,76,120,176,161,71,133,103
845,287,92,118,176,168,73,135,104
846,287,91,116,176,163,71,133,103
847,288,104,117,175,163,73,135,103
848,287,87,118,180,163,72,133,103
849,287,87,118,177,165,73,135,103
850,288,76,120,175,165,73,135,104
851,287,87,118,180,163,72,131,104
852,287,85,118,177,164,72,140,105
853,288,102,118,177,172,74,133,101
854,288,104,115,175,165,74,134,108
855,287,87,118,176,164,72,140,105
856,287,85,118,176,164,72,140,105
857,292,83,118,178,164,72,134,108
858,288,84,117,175,163,73,135,104
859,289,79,118,175,163,73,135,104
860,288,78,115,175,165,72,136,102
861,288,86,117,175,163,73,135,103
862,292,75,118,176,163,72,131,102
863,287,85,118,176,172,76,136,103
864,288,85,120,176,163,71,133,103
865,287,86,118,184,168,73,133,101
866,288,96,115,175,165,73,135,104
867,287,90,118,177,163,77,132,103
868,288,85,122,175,167,72,135,104
869,293,84,118,176,165,74,133,104
870,288,87,116,175,166,72,135,100
871,292,76,118,177,163,77,133,104
872,287,103,117,180,161,76,132,103
873,293,84,118,176,165,72,133,111
874,287,95,123,177,163,72,135,108
875,288,87,119,175,165,72,135,106
876,288,87,116,175,165,73,135,102
877,287,103,115,181,161,73,132,103
878,290,85,123,176,165,72,135,106
879,283,93,115,182,164,72,137,102
880,297,88,123,175,165,72,135,104
881,288,75,117,175,170,72,135,104
882,288,95,116,175,165,73,144,100
883,287,87,116,175,163,73,135,103
884,288,98,118,176,163,73,135,104
885,288,97,120,176,163,73,135,103
886,289,88,120,176,163,71,133,102
887,288,88,117,175,165,73,135,104
888,288,87,120,175,165,74,136,108
889,288,87,118,176,168,73,133,102
890,287,96,118,178,165,72,136,112
891,289,98,124,175,165,73,135,104
892,288,89,118,176,168,71,135,104
893,288,92,115,175,165,73,136,104
894,287,83,117,178,164,80,136,103
895,288,88,118,180,163,71,135,103
896,288,104,118,178,165,73,134,104
897,288,93,118,180,163,71,133,102
898,288,88,124,176,163,71,135,103
899,287,81,118,176,168,75,133,103
900,288,93,118,178,165,72,134,104
901,283,93,115,175,165,73,135,104
902,287,73,118,177,164,72,136,108
903,287,89,118,180,155,71,135,104
904,288,98,120,175,165,73,136,104
905,288,94,115,175,165,73,135,104
906,283,76,115,175,165,73,136,104
907,288,92,117,175,165,73,135,104
908,287,93,118,180,168,73,133,102
909,288,92,118,176,165,72,135,104
910,287,72,118,176,163,75,132,103
911,287,87,118,177,163,78,132,103
912,283,103,116,175,165,71,134,103
913,288,105,115,175,166,73,134,108
914,288,88,115,175,165,73,134,108
915,287,89,118,180,163,73,136,104
916,292,100,118,178,165,77,137,104
917,288,93,118,177,164,76,136,103
918,287,87,118,176,168,72,135,104
919,283,96,117,175,165,73,134,112
920,288,75,120,175,165,74,136,104
921,287,87,118,177,163,71,135,103
922,288,93,117,175,165,73,134,104
923,283,75,118,177,164,77,133,101
924,287,95,118,176,168,71,135,103
925,283,92,118,177,165,72,140,104
926,283,88,118,177,164,72,140,105
927,292,100,118,178,166,78,137,103
928,283,80,118,176,163,72,136,108
929,287,87,118,177,163,71,135,103
930,287,87,124,176,163,73,135,104
931,286,93,118,178,164,76,136,103
932,287,91,124,176,163,73,135,104
933,283,83,118,177,172,71,133,103
934,284,96,118,178,164,73,135,104
935,288,76,115,175,166,73,134,104
936,292,90,115,177,165,72,140,104
937,292,88,115,175,165,72,144,104
938,279,85,118,184,163,71,135,103
939,286,88,120,175,165,73,136,104
940,287,73,124,176,165,72,135,103
941,286,86,118,176,165,72,135,108
942,280,87,116,175,165,73,137,102
943,289,101,120,175,167,73,141,101
944,286,87,116,175,166,73,140,100
945,286,91,118,177,163,76,132,103
946,287,73,118,176,165,73,134,108
947,284,84,118,176,165,73,135,109
948,290,84,121,176,166,72,135,105
949,283,93,115,186,161,73,132,103
950,287,90,121,175,171,72,135,102
951,279,85,118,177,163,71,135,103
952,286,101,115,175,166,73,134,104
953,292,88,118,178,166,72,140,104
954,283,88,115,175,165,72,140,108
955,288,92,115,175,166,73,134,105
956,287,84,120,175,163,73,135,104
957,283,104,118,177,164,76,133,102
958,287,88,118,177,166,76,136,103
959,287,89,118,178,172,74,133,102
960,287,88,124,176,163,71,135,103
961,287,71,118,176,163,71,135,103
962,287,87,119,176,165,71,135,103
963,287,89,124,176,163,73,136,104
964,288,88,115,178,166,73,136,108
965,288,102,115,175,166,73,136,112
966,287,92,118,178,164,76,136,101
967,288,89,118,176,164,73,133,102
968,283,95,118,178,164,76,136,101
969,283,87,118,180,163,71,135,103
970,286,86,115,175,166,73,136,104
971,282,92,124,176,163,73,136,103
972,275,87,118,180,168,71,133,102
973,282,73,120,175,165,73,136,102
974,282,90,115,175,172,72,133,103
975,288,78,117,178,166,72,144,105
976,287,85,118,176,163,73,136,104
977,287,97,118,176,163,73,136,104
978,288,93,118,178,164,76,135,102
979,287,83,119,176,168,73,133,102
980,288,92,118,178,160,80,136,103
981,288,90,118,176,168,73,134,102
982,287,94,124,176,163,73,136,104
983,279,85,118,177,166,78,133,101
984,288,75,124,175,166,73,136,101
985,288,94,116,180,164,73,135,103
986,288,95,116,178,164,73,136,103
987,294,87,118,175,168,72,135,100
988,282,85,125,176,166,72,135,103
989,280,87,116,175,166,73,142,100
990,279,89,118,175,163,72,135,109
991,279,74,118,178,168,71,135,103
992,280,85,116,176,163,73,136,102
993,279,93,118,178,164,76,137,103
994,284,95,118,177,163,71,135,103
995,279,86,118,180,163,71,135,103
996,288,90,115,178,166,72,136,104
997,279,85,118,177,163,71,135,104
998,279,83,117,175,166,72,136,101
999,283,85,118,176,163,73,136,104
1000,283,85,118,184,168,71,135,103
1001,279,92,118,178,166,80,136,103
1002,281,91,119,177,166,77,133,102
1003,288,105,119,178,168,73,133,103
1004,284,100,118,176,163,73,136,104
1005,288,87,118,176,163,71,135,103
1006,287,90,120,175,165,73,136,103
1007,279,89,118,176,168,71,134,103
1008,279,89,118,178,166,76,136,101
1009,283,87,118,177,163,73,135,104
1010,283,89,117,175,166,76,133,103
1011,288,92,117,175,166,73,136,102
1012,279,86,118,180,163,71,135,103
1013,282,91,120,175,165,73,136,104
1014,279,92,118,178,166,72,136,101
1015,282,89,118,180,168,71,134,101
1016,283,83,118,178,166,76,140,108
1017,282,89,118,184,168,73,133,101
1018,284,87,118,176,168,71,135,103
1019,290,87,118,180,168,74,133,103
1020,290,90,120,175,166,73,136,102
1021,289,87,118,176,163,73,136,104
1022,288,86,118,178,166,76,140,108
1023,288,90,124,175,163,73,135,103
1024,287,101,118,180,163,71,134,102
1025,288,104,120,176,163,73,136,103
1026,283,93,118,177,166,72,140,105
1027,287,73,118,178,172,77,136,101
1028,287,73,118,180,168,72,133,101
1029,287,85,118,178,168,77,137,104
1030,287,89,118,178,163,79,132,103
1031,283,104,117,178,166,73,136,102
1032,287,85,118,178,166,80,137,104
1033,288,88,120,175,166,73,136,104
1034,287,74,120,176,163,71,135,103
1035,287,77,118,177,165,73,133,102
1036,279,87,119,176,168,74,135,103
1037,287,89,118,178,166,73,136,102
1038,287,98,118,184,168,74,135,101
1039,279,96,115,175,166,73,136,108
1040,283,93,115,175,166,73,136,104
1041,292,77,120,175,163,71,135,103
1042,287,89,118,177,163,71,134,102
1043,286,87,118,184,168,73,133,101
1044,292,91,120,175,163,73,135,103
1045,287,87,118,180,163,71,134,102
1046,287,89,120,176,163,73,135,103
1047,287,87,118,176,168,75,136,101
1048,287,98,118,184,161,71,134,102
1049,286,88,118,180,168,73,136,108
1050,287,75,118,178,166,73,136,102
1051,287,95,118,184,163,71,135,102
1052,288,87,124,176,163,73,135,103
1053,287,80,118,178,166,73,136,108
1054,287,87,118,176,168,71,136,103
1055,287,87,118,178,166,72,140,105
1056,292,78,124,176,163,71,135,103
1057,287,90,117,175,166,73,140,104
1058,287,99,118,177,163,71,135,103
1059,288,88,124,176,163,71,135,103
1060,287,93,115,175,166,73,136,104
1061,288,103,120,176,163,71,135,103
1062,287,86,118,177,168,73,133,101
1063,287,90,118,176,166,74,135,111
1064,290,77,118,177,163,77,132,103
1065,283,89,116,175,166,72,143,100
1066,287,89,117,180,163,73,134,103
1067,288,93,118,177,163,71,135,101
1068,287,85,118,178,166,76,140,108
1069,288,87,120,175,166,72,136,101
1070,287,95,118,176,163,76,137,103
1071,292,89,120,177,163,71,135,101
1072,288,87,118,177,163,71,134,102
1073,296,88,117,175,165,73,136,102
1074,286,87,119,178,167,80,140,104
1075,283,102,115,175,167,73,136,103
1076,287,71,119,184,168,73,136,103
1077,283,87,118,178,166,72,136,102
1078,285,88,120,176,163,73,135,103
1079,279,89,120,175,165,73,135,103
1080,285,87,118,176,168,76,136,101
1081,279,92,115,175,166,74,136,103
1082,285,83,118,177,163,73,136,103
1083,279,92,118,178,167,73,136,102
1084,286,87,118,176,168,75,135,101
1085,283,87,119,178,166,72,140,108
1086,288,96,115,175,167,73,137,101
1087,292,88,115,175,166,73,136,103
1088,288,100,117,175,166,74,136,103
1089,288,77,117,175,166,73,136,103
1090,288,102,120,175,165,73,135,103
1091,279,77,118,178,166,72,136,105
1092,281,91,118,184,168,72,129,101
1093,288,91,117,175,163,71,135,103
1094,286,87,119,178,166,76,140,104
1095,283,89,118,178,166,73,144,105
1096,281,88,120,175,166,73,136,103
1097,279,90,118,178,166,73,136,103
1098,288,90,117,175,167,73,136,103
1099,286,87,118,177,168,73,133,101
1100,279,88,115,175,167,73,136,104
1101,284,86,120,177,163,71,135,101
1102,284,101,118,175,171,72,135,102
1103,283,86,118,176,167,73,135,107
1104,287,86,122,176,167,72,135,107
1105,280,85,118,175,169,72,136,102
1106,280,87,116,175,166,73,141,100
1107,285,90,118,177,165,79,136,103
1108,279,90,119,175,169,72,136,102
1109,285,100,119,178,163,78,132,103
1110,284,75,120,175,171,72,136,102
1111,286,99,120,175,172,72,135,104
1112,292,72,118,176,166,72,135,108
1113,283,87,118,175,168,72,136,102
1114,280,75,116,178,166,71,142,100
1115,284,85,118,176,167,73,134,103
1116,287,84,124,176,167,72,135,108
1117,284,89,118,178,166,72,135,105
1118,284,87,120,175,167,72,135,107
1119,286,92,118,179,163,78,136,103
1120,285,90,119,182,167,73,133,100
1121,284,87,116,175,169,72,135,102
1122,283,92,117,181,163,73,134,103
1123,284,86,124,176,167,72,135,107
1124,279,87,114,178,166,73,141,101
1125,280,86,119,175,175,72,135,104
1126,280,87,116,175,168,72,136,102
1127,280,91,116,180,164,73,136,102
1128,283,87,116,175,166,73,141,100
1129,292,85,126,176,167,72,135,107
1130,288,84,123,175,169,72,135,104
1131,286,85,125,176,167,72,135,104
1132,279,73,118,178,167,73,136,102
1133,279,86,115,175,167,73,136,103
1134,283,91,119,178,172,74,135,103
1135,279,93,118,178,167,73,136,103
1136,279,90,117,175,166,73,136,103
1137,279,88,119,178,167,73,136,102
1138,279,86,118,180,163,71,135,101
1139,288,88,115,175,167,74,136,104
1140,284,91,118,176,172,75,136,103
1141,279,104,118,179,168,73,136,104
1142,284,85,119,178,168,80,140,104
1143,288,91,120,177,167,71,138,103
1144,284,87,119,179,169,72,140,106
1145,283,71,119,178,176,76,140,105
1146,284,88,118,180,169,71,135,103
1147,279,91,119,180,172,73,140,104
1148,279,75,119,180,172,72,140,108
1149,288,82,119,180,172,74,141,106
1150,281,96,119,180,173,73,143,106
1151,279,89,119,179,174,73,144,105
1152,281,91,119,181,174,73,144,106
1153,285,94,128,177,171,73,143,107
1154,294,88,121,180,175,75,144,104
1155,287,88,126,179,176,73,145,107
1156,285,73,121,181,176,74,146,106
1157,287,87,121,181,176,73,146,108
1158,283,75,121,182,176,76,147,109
1159,283,87,121,182,176,72,156,112
1160,283,84,119,181,177,72,148,108
1161,288,90,122,184,177,71,147,107
1162,287,89,122,182,179,72,152,116
1163,290,90,124,184,177,71,147,109
1164,286,90,124,179,177,71,150,110
1165,288,91,121,179,177,71,150,111
1166,286,91,124,181,177,71,147,110
1167,287,89,122,183,181,73,150,112
1168,287,80,122,184,182,73,152,112
1169,287,91,119,183,182,73,153,112
1170,296,78,121,183,182,73,153,112
1171,281,82,123,184,184,71,151,111
1172,286,91,128,184,179,71,151,111
1173,291,96,123,184,183,74,154,116
1174,294,92,122,185,181,71,151,111
1175,287,93,123,185,184,73,154,112
1176,286,105,123,184,184,76,156,113
1177,279,103,124,184,184,81,156,115
1178,286,89,124,185,184,72,156,114
1179,288,91,121,183,183,71,155,115
1180,289,78,128,183,183,73,156,115
1181,290,74,128,183,186,73,157,116
1182,289,96,123,185,187,73,157,116
1183,287,93,124,185,192,73,155,115
1184,296,107,128,183,183,71,155,115
1185,296,100,125,186,196,74,160,115
1186,291,96,123,186,189,73,159,117
1187,289,80,128,183,187,73,159,118
1188,287,93,128,183,190,71,160,115
1189,283,99,125,187,190,73,161,118
1190,287,100,123,187,191,73,162,119
1191,288,109,124,187,190,73,165,116
1192,288,93,125,185,195,72,163,116
1193,298,74,126,184,191,75,160,119
1194,289,92,128,185,195,72,163,116
1195,288,103,124,187,197,72,163,120
1196,292,95,125,188,191,76,161,127
1197,292,95,122,188,192,73,165,117
1198,288,93,123,191,192,75,161,125
1199,292,94,126,189,192,78,160,119
1200,290,109,123,189,192,73,164,119
1201,287,79,126,185,192,71,163,119
1202,283,99,126,189,191,73,166,120
1203,287,109,126,188,200,76,168,119
1204,295,91,126,192,193,71,163,119
1205,296,92,132,187,193,71,167,122
1206,291,100,126,190,196,73,168,123
1207,288,97,128,187,195,71,167,123
1208,287,78,127,192,200,80,168,121
1209,287,96,128,191,198,72,168,128
1210,288,100,127,191,199,73,171,124
1211,288,79,126,192,197,71,167,125
1212,288,97,128,187,199,73,172,125
1213,287,91,127,191,200,77,176,128
1214,287,93,128,191,201,73,173,126
1215,288,116,127,190,202,73,173,126
1216,296,84,128,192,199,74,174,127
1217,295,96,129,191,202,73,174,126
1218,289,100,128,191,203,73,174,127
1219,289,89,128,191,203,72,180,129
1220,298,111,132,192,203,73,175,127
1221,299,93,129,191,204,72,174,128
1222,289,96,128,192,203,73,175,127
1223,288,100,132,192,199,73,175,129
1224,290,95,129,192,199,71,173,127
1225,287,106,127,194,208,73,171,128
1226,291,79,136,193,199,71,175,129
1227,287,106,127,200,208,73,171,128
1228,290,83,129,193,206,73,175,127
1229,292,95,127,194,208,73,176,128
1230,296,84,129,195,207,74,176,129
1231,292,96,134,192,207,72,175,132
1232,292,95,128,191,207,73,183,128
1233,287,97,128,196,206,73,182,128
1234,287,87,129,200,202,73,176,129
1235,292,87,129,195,205,77,175,132
1236,288,95,128,196,207,73,180,128
1237,288,95,130,195,212,72,178,128
1238,293,103,128,205,203,79,175,136
1239,289,115,129,203,204,73,179,129
1240,294,104,137,192,207,72,175,136
1241,287,95,128,196,208,73,176,132
1242,292,94,131,197,205,73,176,131
1243,288,99,130,195,211,72,179,130
1244,295,89,129,197,207,72,179,128
1245,287,80,131,197,207,77,176,132
1246,298,85,131,192,210,72,180,128
1247,293,93,132,200,216,75,179,131
1248,300,98,131,195,207,73,179,133
1249,302,79,132,198,210,72,180,140
1250,289,104,130,197,207,74,182,134
1251,295,102,131,195,207,73,182,134
1252,289,96,131,197,212,74,182,134
1253,287,113,132,199,213,73,182,134
1254,287,93,132,198,220,73,179,131
1255,302,94,133,199,214,72,188,136
1256,302,95,133,200,220,76,184,136
1257,295,113,132,199,214,73,182,134
1258,292,100,136,197,211,71,183,135
1259,287,95,133,200,214,72,184,140
1260,289,109,133,200,211,73,183,136
1261,291,101,131,199,215,73,184,135
1262,295,95,132,200,216,73,181,135
1263,296,114,131,199,215,73,185,136
1264,291,104,133,201,216,73,185,137
1265,294,86,132,200,220,76,188,140
1266,292,99,131,199,215,73,186,137
1267,295,100,134,200,218,73,183,140
1268,296,102,133,199,215,73,183,138
1269,295,95,134,200,220,73,183,135
1270,294,114,136,199,215,73,186,138
1271,295,96,134,200,215,75,183,147
1272,299,96,134,200,215,72,183,145
1273,295,97,130,202,216,73,187,135
1274,295,96,138,197,218,73,187,135
1275,289,95,132,199,219,73,191,136
1276,292,96,138,200,218,73,183,143
1277,296,84,138,198,219,72,183,141
1278,297,80,137,199,219,72,183,142
1279,292,80,134,197,218,72,186,136
1280,295,97,138,198,219,72,183,144
1281,288,95,134,199,226,72,186,139
1282,299,96,137,200,219,72,183,142
1283,299,96,139,200,219,72,183,140
1284,297,96,140,200,219,74,183,139
1285,291,100,131,203,218,73,187,137
1286,291,108,131,207,216,73,185,138
1287,292,115,134,199,223,72,186,138
1288,289,118,131,204,215,77,182,139
1289,295,109,131,206,214,73,184,139
1290,288,98,134,202,215,78,181,139
1291,301,96,134,200,219,73,183,144
1292,295,100,133,205,216,73,185,137
1293,295,82,134,200,219,75,181,139
1294,301,81,134,202,219,77,184,139
1295,289,101,132,203,220,73,191,136
1296,291,106,131,211,216,73,188,137
1297,292,99,134,203,223,72,186,136
1298,295,100,131,199,220,73,187,140
1299,291,108,134,204,217,71,183,135
1300,296,108,135,204,224,73,183,140
1301,295,113,133,199,215,73,183,139
1302,295,113,135,204,221,72,192,144
1303,296,115,136,201,215,71,183,139
1304,296,107,135,204,228,74,185,139
1305,303,107,134,204,220,77,185,140
1306,304,114,135,208,224,73,183,139
1307,303,116,134,201,219,71,183,139
1308,304,106,136,201,219,73,187,141
1309,296,108,136,203,219,71,183,139
1310,295,105,134,205,222,73,186,140
1311,295,99,135,205,223,72,186,144
1312,296,95,134,208,219,71,187,141
1313,297,97,135,205,222,77,187,144
1314,291,104,131,205,223,73,187,141
1315,291,97,135,204,222,78,185,139
1316,297,83,135,208,224,73,183,139
1317,303,85,131,205,223,71,186,144
1318,295,105,133,212,220,73,186,139
1319,295,96,133,210,218,73,186,139
1320,296,99,132,203,223,72,191,136
1321,296,97,137,203,231,72,186,141
1322,293,105,132,212,220,73,186,139
1323,296,97,135,203,227,72,186,140
1324,291,87,133,209,217,73,184,141
1325,291,100,132,205,224,72,186,140
1326,291,101,132,206,222,73,190,138
1327,296,103,132,203,225,72,186,140
1328,295,98,135,204,219,77,184,141
1329,297,80,135,204,221,75,183,149
1330,297,102,133,209,217,73,184,141
1331,296,115,132,206,220,73,187,138
1332,296,99,134,203,226,72,186,140
1333,291,86,133,213,218,73,185,139
1334,299,96,135,204,223,72,185,140
1335,295,99,132,206,220,73,186,139
1336,299,97,140,201,223,72,183,141
1337,296,98,134,205,224,72,185,140
1338,297,99,134,203,228,72,183,140
1339,299,96,136,200,223,72,183,145
1340,299,96,135,204,219,76,181,141
1341,297,97,134,205,219,78,184,141
1342,302,98,135,204,221,77,181,141
1343,291,102,133,203,219,71,183,141
1344,298,99,136,203,219,71,183,139
1345,296,85,136,203,219,73,183,141
1346,296,113,133,206,223,73,184,140
1347,296,102,136,203,219,71,183,141
1348,296,96,131,205,223,73,184,140
1349,297,99,136,203,223,72,184,139
1350,297,97,136,203,219,73,183,141
1351,298,93,136,203,219,71,179,139
1352,297,100,136,203,219,73,183,141
1353,296,98,134,212,224,71,179,139
1354,298,100,134,206,223,74,182,148
1355,296,100,134,208,219,71,182,139
1356,298,96,134,206,223,72,188,144
1357,296,102,140,203,219,71,182,139
1358,295,100,134,206,223,73,182,140
1359,300,85,140,203,219,71,182,139
1360,297,109,134,212,224,73,179,144
1361,295,97,134,206,223,72,188,141
1362,298,100,134,212,224,73,184,139
1363,295,105,133,206,223,72,184,144
1364,291,104,133,206,223,73,183,141
1365,291,98,130,206,223,73,187,137
1366,296,99,134,205,224,72,182,138
1367,291,114,131,206,222,73,187,136
1368,293,103,133,206,219,77,178,141
1369,296,99,132,205,225,72,182,136
1370,298,100,136,204,222,74,179,149
1371,291,87,131,215,220,73,183,139
1372,298,99,133,204,221,77,179,141
1373,299,96,138,207,222,73,188,137
1374,298,101,132,206,224,73,188,136
1375,295,114,133,207,219,74,180,138
1376,295,100,131,206,220,73,183,139
1377,298,98,140,203,225,73,183,139
1378,300,97,138,203,223,72,181,145
1379,293,85,132,206,223,73,189,140
1380,298,108,134,206,219,78,178,142
1381,298,101,133,206,221,78,178,141
1382,298,102,132,206,225,73,186,140
1383,300,104,134,204,223,77,178,141
1384,300,82,134,204,223,75,179,141
1385,296,93,131,206,223,72,184,141
1386,298,112,136,203,223,71,183,142
1387,295,100,131,207,223,73,183,142
1388,296,100,131,206,223,73,183,142
1389,296,100,136,203,223,73,183,142
1390,295,83,134,207,225,72,182,144
1391,295,108,134,207,223,71,182,142
1392,299,103,136,203,224,71,181,141
1393,298,95,134,206,228,76,184,139
1394,298,109,136,208,224,71,179,139
1395,299,99,132,208,224,71,179,139
1396,295,99,134,207,226,73,184,142
1397,298,112,131,205,223,73,183,143
1398,300,100,136,203,223,73,183,143
1399,295,83,134,206,228,80,184,144
1400,295,101,134,204,232,75,184,139
1401,293,101,134,208,227,72,184,152
1402,298,87,134,212,225,76,181,139
1403,298,99,134,208,226,80,188,144
1404,308,116,134,203,223,73,188,144
1405,300,84,134,204,223,73,181,143
1406,295,117,131,207,224,73,188,140
1407,304,82,134,206,225,79,184,143
1408,299,107,138,205,232,72,187,143
1409,299,81,134,204,223,73,183,152
1410,296,105,140,208,228,72,183,148
1411,293,104,133,213,224,73,184,143
1412,295,102,133,214,224,73,185,143
1413,299,104,138,208,223,73,183,148
1414,295,92,133,212,224,73,185,143
1415,292,103,132,207,224,73,184,143
1416,302,81,136,208,229,73,183,144
1417,296,111,134,207,231,72,185,142
1418,296,84,140,205,232,72,186,144
1419,296,107,137,205,231,72,186,144
1420,298,104,133,213,224,73,185,143
1421,296,107,132,209,224,73,184,145
1422,287,100,135,211,224,73,184,143
1423,293,98,132,211,228,73,188,144
1424,292,102,135,208,230,72,186,144
1425,293,105,133,213,225,74,184,143
1426,299,83,135,209,230,72,192,148
1427,300,99,135,209,230,72,184,152
1428,309,100,134,212,232,73,185,144
1429,305,104,131,207,230,73,187,145
1430,298,104,136,208,227,71,183,143
1431,295,112,133,207,231,73,187,146
1432,304,116,135,210,231,73,187,145
1433,295,112,135,210,231,73,186,144
1434,295,99,135,210,230,77,188,145
1435,298,101,136,208,227,71,183,143
1436,297,105,135,210,231,72,186,148
1437,298,102,133,210,232,72,188,145
1438,297,105,134,207,231,73,187,145
1439,300,101,140,208,227,71,183,143
1440,295,97,135,208,232,73,185,144
1441,297,101,135,210,232,72,186,146
1442,308,99,135,210,236,74,185,143
1443,295,104,135,210,232,73,187,146
1444,295,102,133,212,228,73,190,144
1445,299,103,133,213,227,79,184,154
1446,303,97,138,207,239,72,187,146
1447,296,87,132,207,231,73,191,144
1448,299,108,135,211,227,73,186,143
1449,295,105,133,218,228,73,187,144
1450,295,103,133,216,232,73,186,143
1451,293,113,132,211,231,73,191,144
1452,306,101,135,208,232,72,187,144
1453,299,99,135,208,231,77,183,146
1454,304,109,136,207,235,73,189,145
1455,306,97,139,207,232,72,183,147
1456,301,99,137,207,237,72,187,146
1457,296,107,134,207,232,71,191,144
1458,296,103,133,216,228,73,188,145
1459,303,97,143,208,231,72,183,151
1460,295,106,135,211,227,73,184,143
1461,301,85,135,208,231,73,183,152
1462,296,103,132,211,232,73,191,144
1463,298,99,132,207,233,72,190,144
1464,305,84,140,208,231,73,183,155
1465,300,97,135,210,229,82,184,146
1466,304,100,135,208,231,76,183,146
1467,310,87,136,210,236,74,185,143
1468,308,104,133,207,233,74,187,146
1469,307,100,134,211,232,71,183,146
1470,304,113,134,211,233,73,186,146
1471,312,101,136,207,231,73,187,146
1472,305,88,133,207,233,74,187,146
1473,307,96,135,211,233,74,186,146
1474,310,99,135,216,236,76,185,145
1475,303,103,135,210,232,73,183,143
1476,311,100,134,209,232,73,183,145
1477,310,88,140,209,231,71,183,143
1478,305,104,133,211,234,73,187,145
1479,301,111,136,216,232,71,187,147
1480,300,101,136,209,231,71,183,143
1481,300,88,136,209,231,71,183,143
1482,303,97,135,212,234,72,192,148
1483,295,107,135,212,234,72,196,148
1484,316,87,133,207,231,73,187,147
1485,310,101,136,211,232,72,183,143
1486,295,93,133,215,229,73,186,147
1487,293,103,133,217,232,73,186,143
1488,313,112,140,208,235,72,183,151
1489,310,97,141,208,235,72,183,151
1490,304,81,138,208,235,73,183,151
1491,301,96,135,208,235,73,183,152
1492,310,103,135,212,231,82,184,147
1493,308,99,135,207,239,72,187,144
1494,305,106,133,216,232,74,186,143
1495,304,86,132,218,232,73,186,147
1496,310,101,135,213,231,81,184,147
1497,303,111,132,217,232,73,186,147
1498,308,90,136,207,231,73,188,147
1499,312,102,140,209,231,71,183,143
1500,305,108,135,212,236,73,188,146
1501,309,86,136,216,233,73,185,145
1502,303,101,135,213,235,73,188,144
1503,305,100,133,208,236,73,188,147
1504,309,99,136,216,233,73,185,145
1505,304,101,140,216,233,72,185,143
1506,306,101,136,216,233,73,185,145
1507,308,105,136,211,231,71,183,147
1508,301,110,140,209,231,73,187,147
1509,295,100,133,207,235,73,187,147
1510,301,99,136,212,236,77,188,147
1511,300,95,136,212,236,73,180,148
1512,295,100,134,213,236,73,187,146
1513,298,100,134,216,233,73,179,145
1514,295,103,132,216,232,71,188,145
1515,299,104,137,211,240,72,187,146
1516,295,110,132,213,232,73,187,145
1517,295,105,135,214,232,73,184,147
1518,295,106,135,215,232,73,186,145
1519,296,95,135,211,240,72,187,146
1520,299,89,132,213,232,73,190,144
1521,293,107,135,215,231,81,184,147
1522,296,103,132,211,237,72,187,144
1523,299,107,135,213,231,73,184,147
1524,301,109,136,208,235,73,183,156
1525,305,99,132,213,232,73,186,147
1526,304,96,135,208,235,74,183,147
1527,306,100,135,213,231,78,184,147
1528,304,96,138,208,235,72,183,156
1529,305,86,134,213,232,73,184,147
1530,300,88,144,208,235,73,183,152
1531,293,99,132,213,232,73,186,145
1532,299,101,135,214,231,75,184,147
1533,295,104,132,213,232,73,184,147
1534,301,99,136,212,240,77,185,145
1535,300,101,135,216,231,73,186,147
1536,301,110,136,212,240,73,183,143
1537,301,104,135,209,235,74,186,146
1538,300,99,134,216,240,73,184,145
1539,299,112,135,213,237,73,186,146
1540,295,97,135,213,236,73,185,145
1541,300,97,135,212,240,75,185,145
1542,299,99,135,213,236,72,186,147
1543,296,102,133,213,237,73,186,147
1544,300,101,133,207,235,73,183,147
1545,303,109,135,213,236,74,184,152
1546,301,99,135,212,240,78,185,148
1547,304,100,133,207,235,74,186,147
1548,297,105,136,208,231,71,183,143
1549,300,99,134,216,233,71,183,143
1550,300,107,134,216,235,73,183,143
1551,299,97,133,207,235,74,185,147
1552,301,84,135,212,235,74,181,147
1553,301,104,138,208,235,73,183,156
1554,295,108,134,213,236,74,185,146
1555,300,100,133,207,237,73,185,147
1556,300,102,140,209,231,73,183,147
1557,295,104,131,211,235,74,185,147
1558,308,99,135,212,236,72,188,148
1559,295,107,135,212,236,76,184,145
1560,300,99,135,212,236,72,188,148
1561,300,104,133,213,236,76,183,147
1562,304,102,133,211,235,73,185,147
1563,295,87,135,213,236,72,184,148
1564,298,100,134,220,233,71,183,143
1565,300,101,133,211,231,73,183,147
1566,295,107,133,213,236,74,184,146
1567,295,105,135,213,236,73,184,148
1568,310,99,135,213,236,72,184,146
1569,295,90,134,213,236,72,184,146
1570,295,96,135,213,236,72,188,152
1571,301,101,140,209,231,71,183,147
1572,304,108,131,213,236,73,184,152
1573,310,114,134,213,236,73,184,146
1574,300,101,136,207,231,73,183,147
1575,301,99,135,213,236,73,184,152
1576,295,102,131,213,236,74,184,146
1577,304,86,131,213,236,74,184,147
1578,295,91,134,209,233,72,179,143
1579,302,97,139,208,235,73,181,153
1580,308,99,134,211,237,72,183,144
1581,312,102,135,208,235,73,181,153
1582,295,110,133,216,232,74,184,145
1583,302,107,133,216,232,74,184,143
1584,300,97,134,211,236,73,191,144
1585,295,99,133,215,231,76,183,150
1586,300,103,132,213,235,73,187,144
1587,299,108,132,216,232,73,185,144
1588,299,99,136,209,243,72,183,147
1589,300,82,135,208,235,73,181,147
1590,299,96,135,208,235,73,183,147
1591,295,99,135,211,245,72,183,146
1592,305,108,138,208,235,72,183,151
1593,300,106,132,213,236,73,191,144
1594,296,99,133,216,231,77,181,152
1595,305,98,132,213,232,73,180,147
1596,303,105,133,215,231,73,180,147
1597,295,106,134,214,231,74,180,147
1598,293,106,133,220,232,74,184,145
1599,304,100,131,207,235,73,183,147
1600,303,104,134,213,236,73,182,146
1601,310,99,135,212,244,77,184,145
1602,300,101,134,216,233,71,179,143
1603,295,100,135,213,236,72,188,145
1604,312,98,131,213,236,74,183,147
1605,310,104,135,213,236,72,182,146
1606,303,98,131,213,236,73,183,146
1607,310,88,136,209,231,71,183,147
1608,310,100,134,216,233,71,183,143
1609,305,104,133,213,236,74,183,147
1610,303,99,135,212,240,76,184,145
1611,309,117,131,211,236,73,183,147
1612,312,103,133,207,236,74,182,152
1613,305,100,136,209,231,71,183,143
1614,306,86,134,216,233,71,183,147
1615,308,100,134,216,240,73,179,145
1616,312,97,137,209,236,72,181,150
1617,303,101,134,213,236,74,182,152
1618,308,100,131,213,240,72,183,152
1619,303,104,133,213,236,74,182,152
1620,303,108,131,207,236,73,183,147
1621,312,105,133,207,235,73,183,147
1622,309,83,134,213,236,76,184,145
1623,303,104,133,213,236,71,183,147
1624,308,111,136,209,231,71,182,143
1625,303,107,134,212,236,80,184,145
1626,303,104,134,213,236,72,180,152
1627,303,89,134,213,236,74,183,146
1628,309,105,131,213,236,73,183,146
1629,305,104,133,214,236,73,182,146
1630,312,88,136,209,231,73,183,147
1631,308,101,136,211,231,73,182,147
1632,307,102,132,209,231,71,179,143
1633,307,102,132,216,233,71,179,143
1634,308,106,131,207,235,74,183,147
1635,303,88,131,213,236,74,183,147
1636,307,100,134,216,233,71,181,147
1637,304,105,136,209,231,73,182,147
1638,307,90,136,209,231,71,182,147
1639,306,100,134,209,236,74,182,152
1640,303,95,134,220,233,73,179,145
1641,304,98,131,211,235,74,183,147
1642,307,112,134,213,236,80,184,145
1643,303,104,134,212,233,72,179,143
1644,303,103,133,217,232,73,182,145
1645,307,96,134,212,235,77,178,147
1646,307,108,134,212,235,76,178,147
1647,304,97,134,211,241,72,182,146
1648,303,98,133,212,231,77,178,147
1649,303,111,133,215,231,73,182,143
1650,310,99,131,213,235,72,183,143
1651,303,97,134,212,231,79,178,147
1652,303,107,133,214,231,81,178,147
1653,312,96,134,212,235,73,179,154
1654,304,99,132,211,238,72,182,146
1655,299,103,131,216,232,73,183,144
1656,304,89,131,215,232,73,183,145
1657,304,99,131,218,232,78,179,147
1658,311,96,140,208,235,74,179,153
1659,306,99,134,211,240,72,182,146
1660,303,108,131,218,232,74,182,145
1661,308,98,131,213,236,73,182,152
1662,306,117,134,213,233,73,182,148
1663,303,98,134,213,236,76,184,147
1664,304,101,134,216,233,71,179,143
1665,303,100,133,211,236,73,182,146
1666,303,110,134,216,240,73,179,145
1667,304,90,131,211,236,74,182,147
1668,306,104,133,207,231,73,182,147
1669,306,101,131,211,231,73,182,147
1670,299,86,136,207,236,73,180,145
1671,303,102,134,216,240,71,179,143
1672,299,99,134,212,244,76,184,145
1673,303,88,136,209,231,71,179,147
1674,303,91,131,216,232,73,180,145
1675,303,105,134,213,237,72,182,146
1676,303,97,134,216,231,73,182,147
1677,304,102,133,213,236,76,179,143
1678,303,108,134,212,244,75,184,145
1679,303,99,134,216,240,73,179,145
1680,304,86,134,211,233,71,179,143
1681,299,101,134,213,236,73,182,146
1682,303,98,134,209,231,73,182,147
1683,303,87,134,212,240,80,184,145
1684,304,98,131,213,236,73,182,146
1685,304,114,131,211,236,74,182,147
1686,304,102,133,211,231,73,182,147
1687,304,100,134,216,231,71,181,147
1688,304,99,134,211,233,71,179,145
1689,303,114,131,213,236,76,179,143
1690,299,100,134,216,233,72,179,145
1691,304,100,131,213,236,73,182,152
1692,303,99,134,212,236,76,184,152
1693,302,100,136,209,231,71,179,143
1694,304,92,131,213,236,73,182,146
1695,297,101,136,211,235,74,182,146
1696,304,116,131,207,235,74,182,146
1697,303,100,140,211,233,71,179,143
1698,302,86,136,211,236,72,184,145
1699,297,104,131,213,236,74,182,147
1700,302,111,134,216,233,72,179,143
1701,302,99,134,211,242,72,182,147
1702,303,98,133,212,240,73,179,143
1703,304,104,131,213,236,74,182,147
1704,304,97,134,216,233,73,179,143
1705,308,114,136,209,231,71,181,143
1706,303,99,127,213,236,81,188,143
1707,303,99,134,216,231,71,179,147
1708,299,88,131,207,235,73,182,147
1709,299,100,131,213,236,74,188,148
1710,303,83,140,211,235,73,182,147
1711,303,104,131,213,237,74,182,147
1712,304,107,136,209,231,71,179,143
1713,304,107,134,209,231,73,182,147
1714,304,100,131,211,236,74,182,147
1715,299,98,134,212,236,72,188,152
1716,304,100,131,213,237,74,182,147
1717,304,82,134,212,236,78,184,139
1718,304,97,134,212,244,74,180,145
1719,304,98,134,216,233,72,179,145
1720,304,105,131,207,237,73,182,147
1721,291,113,131,213,237,73,182,147
1722,295,112,133,213,237,74,180,152
1723,295,105,133,213,237,73,181,146
1724,303,98,134,212,240,71,179,143
1725,304,100,134,216,240,76,184,145
1726,303,97,134,213,237,73,180,146
1727,306,97,134,212,235,73,179,152
1728,303,99,133,213,231,79,180,147
1729,304,97,134,211,240,72,181,146
1730,309,108,134,212,235,73,179,154
1731,303,100,131,221,232,73,182,144
1732,303,85,134,213,236,72,188,148
1733,306,85,134,213,236,71,182,147
1734,303,86,134,213,236,72,184,147
1735,306,88,131,213,237,72,188,148
1736,303,93,133,213,237,72,184,152
1737,308,88,136,211,231,73,181,147
1738,291,104,133,212,233,71,179,147
1739,304,95,133,211,231,71,181,143
1740,305,100,134,216,240,72,179,143
1741,298,101,136,211,235,74,182,147
1742,303,106,131,213,237,72,188,143
1743,303,100,131,213,237,73,181,147
1744,304,111,134,216,233,71,179,143
1745,303,103,134,216,240,74,179,143
1746,307,99,132,216,233,71,179,143
1747,304,104,131,213,237,73,180,146
1748,306,83,134,212,236,76,184,145
1749,307,90,136,209,231,71,179,143
1750,303,104,131,213,237,73,181,143
1751,291,104,131,207,237,74,181,147
1752,304,101,132,216,233,73,179,145
1753,310,97,137,209,237,72,179,153
1754,303,103,131,213,232,73,181,145
1755,303,101,133,213,233,80,180,147
1756,306,108,134,208,237,72,179,149
1757,306,97,134,211,241,72,181,147
1758,303,84,133,212,235,81,180,147
1759,297,105,130,213,232,73,182,145
1760,299,100,130,213,236,73,190,144
1761,307,96,134,212,235,75,177,147
1762,304,99,131,220,232,73,181,145
1763,304,113,131,218,232,74,177,151
1764,306,99,133,211,241,72,181,146
1765,304,95,132,213,237,71,182,145
1766,299,101,131,213,232,73,181,145
1767,307,100,133,208,237,72,179,153
1768,303,100,133,212,231,76,177,147
1769,304,99,132,211,242,72,181,147
1770,299,86,130,215,232,73,182,144
1771,295,108,131,220,233,71,179,143
1772,300,102,136,209,231,71,179,143
1773,308,99,136,209,231,71,179,147
1774,304,100,131,213,237,73,181,148
1775,308,115,131,207,231,74,181,147
1776,303,95,134,220,233,73,180,146
1777,297,102,131,207,237,74,181,147
1778,304,116,131,207,237,73,181,147
1779,304,99,136,211,231,73,181,147
1780,301,101,132,216,233,73,181,147
1781,295,111,131,207,237,73,180,147
1782,304,99,131,207,237,73,181,147
1783,300,101,136,209,231,71,181,147
1784,306,100,133,213,233,76,180,147
1785,302,96,134,208,235,74,179,151
1786,295,87,133,212,235,80,177,147
1787,304,97,133,211,241,72,181,146
1788,305,99,133,212,235,77,177,147
1789,303,99,133,211,246,72,181,147
1790,305,98,137,209,237,72,179,148
1791,304,98,133,208,237,73,179,149
1792,299,104,131,216,232,74,180,147
1793,302,97,135,209,238,72,179,148
1794,300,95,132,213,237,73,185,144
1795,305,85,134,211,242,72,181,144
1796,295,101,133,215,233,76,180,147
1797,300,96,133,212,235,73,179,147
1798,306,104,133,213,237,73,180,152
1799,303,97,133,213,238,73,181,147
1800,303,97,134,213,236,72,180,148
1801,308,98,133,216,233,71,179,143
1802,305,105,133,213,237,72,180,152
1803,306,99,136,209,231,71,179,147
1804,304,100,131,211,237,74,181,147
1805,312,88,131,207,237,73,181,147
1806,301,101,133,212,244,76,179,145
1807,303,100,131,212,237,73,181,147
1808,303,97,134,212,236,80,184,146
1809,303,98,133,216,231,73,181,146
1810,303,87,140,209,231,73,181,147
1811,304,116,136,209,233,71,179,143
1812,305,108,136,216,233,71,179,143
1813,304,98,130,213,232,73,181,145
1814,305,100,140,209,231,71,179,143
1815,303,102,136,207,235,73,181,147
1816,308,91,134,213,236,76,184,145
1817,303,107,132,213,236,78,188,148
1818,304,103,131,209,231,73,181,147
1819,308,104,136,209,231,71,179,143
1820,305,100,132,209,233,71,179,143
1821,304,89,136,209,231,71,179,147
1822,305,107,133,213,236,74,179,145
1823,305,99,132,216,233,71,179,143
1824,306,97,134,212,236,75,177,145
1825,306,101,140,209,231,73,181,147
1826,304,95,136,209,231,73,181,147
1827,304,99,136,211,240,78,180,145
1828,303,97,133,213,244,71,179,147
1829,306,86,133,216,244,75,179,145
1830,303,101,132,209,233,71,179,143
1831,304,105,131,213,237,73,181,147
1832,303,86,133,216,233,73,179,143
1833,304,99,132,211,239,72,181,146
1834,304,100,132,211,239,72,182,144
1835,303,104,131,215,232,73,180,145
1836,309,96,140,208,237,72,179,151
1837,303,108,129,216,232,73,180,147
1838,303,102,133,212,235,74,177,147
1839,304,99,132,211,238,72,181,146
1840,313,98,135,208,237,72,179,149
1841,306,99,130,212,236,73,183,144
1842,309,97,138,209,237,72,179,147
1843,304,99,135,209,237,72,179,152
1844,305,99,133,211,240,72,181,146
1845,309,99,136,209,237,72,179,151
1846,305,96,133,208,235,73,179,147
1847,302,96,137,209,244,72,188,144
1848,304,100,130,212,236,73,181,145
1849,303,106,131,220,232,73,180,145
1850,299,101,133,214,233,80,176,147
1851,299,97,133,213,237,74,184,152
1852,304,102,136,209,231,73,181,147
1853,303,111,134,216,240,73,177,145
1854,303,105,133,213,237,73,181,147
1855,307,99,132,216,235,73,177,145
1856,308,85,133,216,235,72,179,143
1857,308,100,131,207,235,73,181,147
1858,303,104,133,213,237,74,181,147
1859,308,107,134,212,236,72,184,152
1860,303,99,133,212,236,77,179,145
1861,303,108,131,207,231,74,181,147
1862,308,102,131,207,237,73,181,148
1863,308,87,132,209,233,71,175,147
1864,305,96,131,207,238,73,181,147
1865,303,100,133,213,238,74,180,148
1866,310,82,134,213,236,72,184,147
1867,308,110,133,211,239,72,181,146
1868,309,99,133,213,235,82,177,147
1869,303,103,132,213,236,73,187,144
1870,303,101,131,215,232,73,180,147
1871,304,97,133,211,240,72,181,144
1872,308,99,133,211,239,73,181,144
1873,311,96,136,211,245,72,181,147
1874,304,100,132,213,237,73,183,144
1875,310,111,133,213,233,75,180,147
1876,312,97,136,209,238,72,179,149
1877,305,99,130,213,236,73,184,144
1878,307,89,132,213,237,73,189,144
1879,304,103,131,214,233,77,176,147
1880,310,99,132,211,237,73,181,147
1881,308,99,132,211,240,72,181,146
1882,312,107,132,211,240,73,188,144
1883,310,100,132,216,240,73,177,145
1884,310,104,131,207,235,73,181,147
1885,307,108,131,212,238,74,181,147
1886,303,98,133,212,240,76,188,152
1887,309,99,133,213,238,72,184,152
1888,303,100,133,212,244,76,179,145
1889,308,99,132,216,240,75,180,145
1890,305,102,136,209,235,71,179,143
1891,308,102,132,212,240,76,184,147
1892,305,99,133,213,238,74,180,148
1893,303,101,132,211,233,71,179,143
1894,303,95,133,212,240,73,179,143
1895,303,87,136,209,235,74,181,146
1896,310,97,132,211,243,72,181,146
1897,303,100,130,213,236,73,183,144
1898,304,115,131,221,232,73,180,145
1899,308,99,132,211,240,72,181,146
1900,304,90,133,213,238,73,180,146
1901,305,104,131,213,238,74,181,147
1902,304,100,133,213,238,73,181,147
1903,311,101,131,207,237,73,181,148
1904,314,100,136,209,235,71,181,147
1905,299,104,133,213,238,74,180,146
1906,304,98,136,209,231,73,181,147
1907,302,100,133,213,237,72,180,146
1908,304,104,133,212,238,72,180,152
1909,304,108,133,213,238,74,181,146
1910,303,95,133,212,244,73,179,145
1911,303,102,134,212,233,71,181,148
1912,304,116,131,207,238,73,181,147
1913,304,108,131,212,238,74,181,147
1914,312,99,131,209,231,73,181,147
1915,305,100,131,207,238,73,181,143
1916,305,110,136,209,235,71,179,143
1917,303,104,133,213,238,73,181,147
1918,303,100,133,212,235,82,176,147
1919,304,99,130,212,236,73,183,144
1920,303,97,137,209,242,72,181,147
1921,307,100,131,207,238,74,181,147
1922,303,101,132,211,235,71,177,143
1923,311,101,133,212,236,73,180,152
1924,308,104,131,207,231,73,175,143
1925,308,103,131,207,231,71,175,143
1926,303,103,133,212,240,75,177,145
1927,314,95,132,209,231,71,175,143
1928,314,102,136,209,231,71,175,143
1929,313,95,132,210,236,78,176,144
1930,308,89,131,211,234,73,176,144
1931,303,98,132,216,232,73,176,139
1932,311,109,132,210,233,73,176,142
1933,312,98,129,207,231,71,175,142
1934,312,100,136,208,227,71,174,142
1935,304,98,129,207,231,73,175,141
1936,304,103,129,207,231,73,174,141
1937,303,95,131,210,227,76,172,139
1938,296,109,128,207,230,73,177,137
1939,302,96,133,207,236,72,173,140
1940,299,98,131,210,225,74,172,139
1941,303,81,131,209,229,73,172,138
1942,303,109,130,212,225,71,167,135
1943,302,97,136,208,225,71,167,135
1944,299,112,130,208,228,73,170,136
1945,304,85,132,208,225,73,167,135
1946,307,113,130,207,226,74,170,136
1947,310,95,136,208,224,71,167,135
1948,307,101,130,207,226,72,168,136
1949,307,99,129,207,223,72,176,136
1950,311,95,127,206,228,78,172,136
1951,306,94,130,203,229,72,167,135
1952,295,100,130,206,220,73,163,133
1953,301,99,127,206,228,73,165,131
1954,302,95,127,206,228,73,163,131
1955,302,99,127,208,224,73,165,131
1956,295,95,127,205,222,72,168,133
1957,295,97,129,203,219,71,163,131
1958,301,95,127,208,219,71,163,131
1959,308,101,128,203,215,71,163,131
1960,301,87,136,201,215,71,163,131
1961,300,106,127,204,228,75,163,131
1962,301,95,127,204,224,72,161,131
1963,295,93,127,204,228,76,164,129
1964,303,100,134,200,219,72,163,137
1965,297,83,128,204,218,73,166,129
1966,295,100,127,208,215,71,164,131
1967,300,88,127,203,218,74,163,131
1968,302,101,127,203,224,73,161,130
1969,308,94,128,199,215,74,162,127
1970,295,100,128,203,217,73,162,130
1971,300,106,127,202,216,80,164,131
1972,300,95,128,199,217,72,161,128
1973,298,94,129,199,211,71,159,129
1974,300,100,128,201,211,71,160,129
1975,299,94,127,202,216,77,161,128
1976,300,83,128,199,211,71,159,130
1977,295,103,128,211,212,73,162,128
1978,306,94,127,200,215,72,159,137
1979,304,93,127,202,211,77,160,129
1980,304,96,127,200,214,73,159,137
1981,305,80,127,201,211,79,160,128
1982,298,107,126,201,211,71,159,128
1983,295,94,127,204,220,73,160,125
1984,297,84,126,202,214,73,159,126
1985,300,95,126,201,211,71,159,126
1986,295,94,126,200,209,71,158,126
1987,303,97,127,201,213,73,159,127
1988,296,110,128,199,213,73,158,132
1989,299,95,128,197,211,71,159,127
1990,300,81,126,204,211,71,157,127
1991,309,95,126,204,209,71,155,123
1992,300,95,123,199,213,73,160,126
1993,304,96,125,195,207,73,159,123
1994,298,96,127,200,209,73,159,126
1995,298,88,127,200,212,75,155,123
1996,298,95,123,199,207,73,159,126
1997,299,91,127,200,210,76,160,128
1998,296,80,128,195,211,73,160,125
1999,298,95,129,195,207,71,155,123
2000,296,100,125,199,207,73,158,126
2001,295,94,127,200,210,72,160,128
2002,298,93,126,195,207,73,158,124
2003,298,108,126,208,212,73,155,123
2004,296,95,123,199,210,77,157,125
2005,299,81,126,198,208,76,157,123
2006,306,95,123,199,212,73,155,125
2007,296,94,126,199,208,80,155,123
2008,300,97,126,198,208,72,155,123
2009,298,100,126,199,208,72,156,124
2010,297,98,126,198,208,72,155,123
2011,298,98,126,198,216,71,156,124
2012,297,100,126,198,216,73,151,123
2013,298,106,126,200,208,71,155,124
2014,295,110,126,198,208,77,151,124
2015,298,91,126,198,208,71,155,124
2016,302,96,126,196,205,76,152,123
2017,296,83,124,197,209,72,156,130
2018,292,100,122,198,206,73,161,120
2019,291,95,123,204,202,73,154,123
2020,298,91,127,195,207,72,155,125
2021,293,100,123,201,202,73,155,121
2022,296,95,124,197,207,73,156,120
2023,302,80,133,193,207,72,155,127
2024,293,98,123,198,204,73,159,120
2025,296,94,124,197,208,73,158,120
2026,293,97,123,204,202,73,155,121
2027,298,100,125,192,207,73,153,127
2028,295,83,125,197,207,73,154,123
2029,299,86,123,197,206,72,153,119
2030,308,94,128,193,203,71,155,123
2031,303,108,128,195,206,73,155,122
2032,307,100,123,195,203,73,154,122
2033,296,96,123,197,206,73,155,122
2034,298,93,126,195,203,71,151,119
2035,295,88,125,197,205,72,160,122
2036,291,93,125,196,208,71,151,122
2037,307,83,125,193,205,73,156,119
2038,295,93,125,196,208,71,151,121
2039,295,89,125,196,204,80,156,122
2040,295,100,125,195,203,79,152,122
2041,295,90,125,196,212,75,153,120
2042,306,100,123,196,205,73,154,121
2043,297,94,124,204,208,74,153,120
2044,297,94,124,193,199,71,151,119
2045,291,93,125,196,204,73,154,121
2046,304,80,123,195,204,73,154,121
2047,297,92,124,200,201,73,151,119
2048,291,96,123,195,204,73,154,121
2049,295,103,125,196,204,80,160,128
2050,296,100,123,191,204,73,154,120
2051,295,93,124,193,199,71,151,119
2052,304,92,123,196,204,72,153,119
2053,303,93,125,191,203,73,153,124
2054,303,99,125,194,202,80,156,124
2055,296,95,128,193,199,71,151,119
2056,299,84,123,193,203,73,153,120
2057,300,94,123,195,203,73,153,120
2058,308,85,124,200,212,76,152,119
2059,303,109,121,191,202,73,154,117
2060,308,91,125,193,209,72,153,120
2061,307,95,124,200,201,72,151,119
2062,293,83,123,191,202,76,152,128
2063,298,90,124,194,202,80,153,120
2064,299,105,123,194,204,71,151,120
2065,308,93,124,194,200,76,152,120
2066,305,92,123,191,202,73,152,120
2067,305,94,123,193,199,71,151,119
2068,308,100,123,194,202,74,152,120
2069,303,90,124,200,204,74,152,117
2070,295,92,123,194,202,74,153,119
2071,298,92,124,194,201,72,152,118
2072,302,93,132,192,199,71,151,119
2073,297,84,123,193,199,73,151,119
2074,295,97,124,194,200,80,152,117
2075,304,98,123,192,199,73,152,119
2076,299,90,124,193,200,73,149,117
2077,295,98,124,191,200,72,152,120
2078,298,96,123,197,196,73,150,118
2079,296,103,121,191,200,73,157,116
2080,303,89,127,192,199,72,151,124
2081,295,95,121,201,196,73,152,117
2082,300,91,123,191,204,72,151,116
2083,298,102,123,194,197,79,148,119
2084,291,93,123,196,197,73,148,118
2085,296,91,124,192,206,72,151,118
2086,298,89,124,192,197,79,146,118
2087,296,91,122,191,201,73,160,116
2088,304,88,124,192,199,73,149,127
2089,296,95,122,191,200,71,156,116
2090,299,105,122,191,200,73,155,116
2091,291,91,124,192,200,77,152,120
2092,297,96,124,192,204,73,147,118
2093,297,94,128,192,195,71,147,117
2094,300,92,128,192,195,73,151,118
2095,297,91,124,196,199,73,151,118
2096,291,97,123,191,199,73,151,118
2097,295,98,124,192,204,76,152,117
2098,295,87,124,191,198,80,156,120
2099,296,99,124,192,200,76,152,115
2100,306,81,123,192,199,73,151,118
2101,296,95,120,191,199,72,152,116
2102,296,88,131,192,199,73,147,122
2103,291,91,120,191,199,71,147,126
2104,296,91,123,192,204,72,150,116
2105,296,93,122,191,200,72,150,116
2106,303,93,124,192,199,73,147,126
2107,297,98,127,192,199,72,150,120
2108,292,103,123,191,203,73,154,115
2109,291,94,123,192,195,78,148,117
2110,295,93,123,194,195,80,148,117
2111,291,90,124,191,200,72,150,116
2112,294,93,123,191,201,72,150,116
2113,291,94,121,191,196,73,153,114
2114,288,91,120,191,198,71,154,114
2115,301,89,131,192,198,72,147,122
2116,295,101,122,192,195,71,147,115
2117,303,89,123,191,198,76,152,117
2118,303,96,123,191,198,73,150,116
2119,296,91,121,187,195,71,149,117
2120,291,96,123,191,198,73,150,117
2121,291,93,123,191,198,73,150,117
2122,295,96,124,191,198,72,152,120
2123,299,96,119,191,198,76,147,115
2124,304,96,119,191,198,73,150,116
2125,296,92,122,192,200,73,147,115
2126,292,93,120,191,198,72,155,113
2127,289,90,123,188,195,76,147,116
2128,294,91,123,192,205,72,150,116
2129,296,91,123,191,201,72,150,116
2130,296,92,121,187,197,73,150,116
2131,294,92,121,191,197,73,150,117
2132,303,94,121,191,197,73,150,116
2133,303,90,123,190,196,76,152,115
2134,299,97,123,191,196,77,152,115
2135,306,93,122,192,200,75,147,115
2136,304,84,123,190,196,76,152,120
2137,303,91,123,190,196,74,156,120
2138,306,106,123,187,195,71,149,115
2139,303,89,123,191,196,73,149,116
2140,303,84,122,191,197,73,148,116
2141,304,99,121,187,197,73,149,116
2142,307,103,122,192,195,73,147,113
2143,312,96,121,191,197,73,149,116
2144,305,92,122,192,204,73,147,113
2145,303,80,123,191,197,73,148,116
2146,304,91,124,192,193,71,147,113
2147,303,94,123,190,196,76,156,117
2148,304,90,122,191,199,72,149,114
2149,304,91,120,191,196,71,158,112
2150,312,76,123,188,197,73,147,123
2151,311,73,123,188,195,74,147,115
2152,295,87,121,197,192,73,149,113
2153,307,94,120,191,198,71,152,112
2154,308,91,123,189,204,72,149,115
2155,312,82,121,187,195,71,149,115
2156,307,80,128,192,193,71,147,114
2157,303,87,123,196,195,73,147,113
2158,307,90,122,192,195,73,147,113
2159,303,93,122,192,193,71,147,114
2160,304,92,121,187,195,73,149,115
2161,306,82,121,190,195,73,149,115
2162,303,75,123,190,196,80,148,113
2163,296,83,123,196,204,76,152,115
2164,304,99,124,190,191,74,148,116
2165,296,103,123,191,196,73,148,114
2166,300,103,128,192,193,71,147,111
2167,295,91,123,190,200,73,147,113
2168,295,105,123,191,196,71,149,115
2169,298,89,123,191,195,73,147,113
2170,299,93,127,194,198,76,152,119
2171,295,100,121,187,193,72,147,113
2172,295,94,123,192,193,73,149,120
2173,298,94,121,191,196,71,149,115
2174,297,91,123,191,196,75,147,115
2175,296,89,122,187,191,72,147,115
2176,298,92,119,191,196,71,149,115
2177,293,97,123,192,193,73,148,115
2178,291,96,123,191,200,73,149,113
2179,300,87,128,191,195,72,147,111
2180,297,92,119,191,196,71,149,114
2181,296,92,123,192,194,73,152,113
2182,298,92,119,191,196,71,149,116
2183,298,92,121,191,195,76,145,115
2184,298,94,122,191,193,71,149,114
2185,296,100,123,192,193,73,148,113
2186,298,107,121,191,194,72,148,115
2187,297,107,119,191,204,71,148,114
2188,295,89,123,191,191,73,147,113
2189,295,90,120,187,192,72,146,113
2190,297,107,124,190,194,74,150,116
2191,295,96,123,191,195,73,148,114
2192,297,94,121,191,194,71,148,114
2193,297,93,123,192,193,73,148,114
2194,295,101,124,190,194,73,147,114
2195,300,96,123,187,191,72,145,111
2196,295,91,123,187,191,73,152,111
2197,297,91,122,187,191,73,147,114
2198,295,91,124,190,194,72,147,114
2199,291,96,123,192,193,73,148,111
2200,296,92,123,188,192,73,148,113
2201,296,92,119,190,192,71,148,114
2202,295,97,123,196,193,73,148,113
2203,300,92,122,190,196,71,148,114
2204,291,91,125,189,191,72,145,114
2205,298,90,123,187,191,72,145,114
2206,307,96,123,192,192,73,156,112
2207,295,90,121,190,194,73,143,114
2208,297,92,119,190,196,71,148,113
2209,296,96,123,187,193,73,148,115
2210,296,93,123,192,192,73,148,111
2211,296,93,123,192,191,106,145,114
2212,298,91,122,187,191,73,145,114
2213,304,91,119,190,192,73,148,112
2214,297,91,122,190,192,71,148,112
2215,298,91,124,187,191,76,145,113
2216,291,90,125,187,191,80,145,111
2217,300,94,119,190,192,71,148,112
2218,297,94,123,190,200,71,148,112
2219,295,94,121,190,191,76,145,113
2220,296,80,119,190,192,73,147,120
2221,295,91,124,189,191,77,145,113
2222,291,96,122,187,191,78,145,113
2223,291,92,122,187,191,73,148,111
2224,296,106,119,196,191,72,145,111
2225,291,90,120,187,192,73,145,111
2226,291,88,121,187,191,73,147,111
2227,297,88,121,187,191,73,147,111
2228,296,102,122,196,191,74,146,112
2229,297,92,119,189,192,71,147,112
2230,297,91,121,190,192,71,147,112
2231,297,97,122,188,187,73,147,116
2232,304,92,122,189,192,71,147,112
2233,304,96,122,192,187,73,146,114
2234,296,85,119,189,196,71,147,116
2235,296,93,122,185,190,71,146,116
2236,295,101,122,189,190,73,143,112
2237,296,96,122,192,187,73,144,112
2238,296,92,119,188,187,73,146,112
2239,296,94,119,189,192,71,146,112
2240,296,92,119,188,192,71,146,112
2241,291,102,124,189,191,74,143,111
2242,297,78,122,196,187,73,146,112
2243,296,102,120,185,187,72,145,111
2244,295,76,122,189,191,73,143,111
2245,300,98,122,192,189,73,145,111
2246,300,96,122,187,191,73,146,112
2247,297,92,119,189,196,71,146,116
2248,291,108,122,187,190,73,152,109
2249,296,96,122,185,190,73,152,110
2250,298,106,122,185,190,73,148,110
2251,298,87,120,183,190,76,143,111
2252,296,104,122,187,189,73,145,111
2253,296,96,122,192,187,73,148,111
2254,296,105,119,188,192,71,146,120
2255,300,81,119,188,190,71,146,112
2256,291,103,121,188,190,73,143,111
2257,291,79,123,187,190,80,144,111
2258,295,97,121,185,189,73,144,109
2259,296,94,119,188,192,71,145,112
2260,292,100,122,185,189,73,148,109
2261,297,89,121,188,189,74,143,112
2262,301,87,122,188,190,73,145,111
2263,298,98,122,193,193,75,149,115
2264,296,101,119,188,192,71,146,110
2265,295,91,119,188,187,73,144,110
2266,291,89,122,185,190,72,145,109
2267,296,90,122,188,187,73,144,116
2268,291,89,122,187,189,76,143,111
2269,300,84,122,185,189,73,145,109
2270,307,94,119,188,188,73,143,111
2271,297,91,119,188,192,71,145,110
2272,296,104,122,187,187,73,144,110
2273,297,92,119,188,187,71,145,112
2274,303,91,121,183,196,73,144,112
2275,306,103,119,188,188,72,143,111
2276,296,108,122,192,183,73,148,109
2277,291,89,121,188,188,74,143,111
2278,291,96,122,185,187,73,144,112
2279,295,75,120,183,189,72,143,111
2280,291,91,121,188,188,72,144,110
2281,300,93,121,185,187,73,144,112
2282,296,100,119,186,185,71,145,110
2283,297,92,119,187,188,71,143,110
2284,300,93,122,192,183,73,148,109
2285,296,92,119,187,185,73,144,117
2286,296,96,121,185,187,74,152,109
2287,291,87,120,183,188,77,143,111
2288,296,90,121,186,183,73,148,109
2289,296,96,119,187,192,71,143,110
2290,300,105,121,185,188,73,144,109
2291,303,96,121,185,187,73,152,107
2292,291,96,121,184,183,73,148,109
2293,296,90,121,187,188,73,143,111
2294,295,93,121,189,196,79,148,114
2295,296,91,122,183,187,73,144,110
2296,296,95,119,187,188,73,144,116
2297,296,90,119,187,188,72,148,112
2298,291,87,120,185,183,71,143,110
2299,291,92,122,183,183,73,144,110
2300,305,92,120,183,185,71,143,110
2301,291,90,120,185,185,71,142,109
2302,294,94,119,187,187,72,144,110
2303,297,92,119,187,187,73,144,112
2304,291,87,121,186,188,76,144,107
2305,295,79,121,192,185,71,143,110
2306,297,95,125,187,187,72,148,109
2307,298,106,119,186,187,73,144,110
2308,303,106,119,186,187,73,143,110
2309,291,96,121,186,186,78,144,107
2310,296,86,124,183,191,72,143,108
2311,291,89,121,184,187,72,143,112
2312,291,95,124,183,187,73,143,110
2313,296,104,119,186,187,73,144,110
2314,295,104,128,183,183,73,143,110
2315,294,80,119,186,187,73,143,110
2316,304,96,119,186,187,72,144,112
2317,291,87,121,188,185,71,141,109
2318,297,91,120,183,187,73,143,110
2319,298,91,121,186,185,71,143,110
2320,291,78,120,185,183,73,143,110
2321,296,93,121,186,186,72,144,109
2322,295,87,121,192,183,71,143,110
2323,296,94,119,186,186,73,144,116
2324,296,100,119,186,186,73,144,112
2325,295,89,121,186,192,73,144,107
2326,295,86,121,186,186,72,141,110
2327,291,101,121,192,185,71,143,110
2328,291,99,121,184,185,71,139,109
2329,295,95,120,185,183,71,142,110
2330,295,91,124,183,183,73,143,110
2331,296,92,121,183,186,73,148,112
2332,295,102,119,186,186,73,142,112
2333,295,101,120,185,184,71,141,109
2334,291,87,121,192,185,71,141,109
2335,296,78,119,186,186,73,142,108
2336,291,90,120,183,183,73,143,109
2337,295,92,122,183,183,73,143,110
2338,296,98,119,186,186,72,148,112
2339,300,90,119,183,186,73,142,112
2340,291,83,121,192,185,71,143,109
2341,291,100,122,183,183,73,143,108
2342,296,87,121,186,185,71,143,109
2343,297,89,124,183,183,73,143,109
2344,300,79,120,186,184,73,147,107
2345,295,95,119,194,184,73,142,107
2346,296,92,120,184,183,71,143,109
2347,296,104,119,186,186,72,148,112
2348,296,87,120,185,183,73,144,112
2349,295,78,124,183,183,73,144,108
2350,296,92,119,186,186,72,144,112
2351,297,92,119,183,187,73,144,112
2352,295,103,120,185,185,78,144,107
2353,291,87,121,184,185,71,143,109
2354,296,94,119,186,187,72,145,107
2355,291,96,121,186,187,73,144,108
2356,296,90,119,186,187,72,144,112
2357,295,91,121,183,187,73,145,108
2358,291,90,124,183,183,73,143,109
2359,295,88,119,186,183,71,145,108
2360,296,90,121,188,185,71,143,109
2361,296,91,122,186,192,73,144,107
2362,297,91,122,183,188,72,144,109
2363,296,92,119,187,188,72,152,108
2364,291,91,120,185,183,73,143,109
2365,297,96,119,187,188,73,144,112
2366,295,90,128,183,187,74,146,109
2367,295,105,120,183,183,73,146,109
2368,291,91,122,187,188,80,145,107
2369,307,108,119,187,188,72,146,107
2370,303,90,128,183,183,73,146,109
2371,304,106,122,187,192,73,143,108
2372,307,90,119,187,188,72,148,107
2373,303,91,122,185,185,71,143,108
2374,307,90,122,187,192,75,144,107
2375,303,93,128,183,183,73,146,108
2376,303,92,124,183,188,73,146,108
2377,303,93,128,183,188,73,146,108
2378,308,91,124,185,183,71,146,108
2379,303,91,126,183,187,73,146,108
2380,303,99,125,183,194,72,146,106
2381,306,100,119,189,187,77,144,108
2382,303,79,122,185,187,71,143,109
2383,307,96,122,188,188,76,147,107
2384,291,94,128,185,183,73,147,108
2385,300,97,122,187,188,80,145,107
2386,297,96,122,188,188,72,148,109
2387,295,91,128,183,187,73,147,108
2388,302,97,122,185,183,73,152,112
2389,300,94,119,188,189,73,145,107
2390,303,77,123,187,190,73,152,107
2391,304,103,123,188,190,76,148,107
2392,302,87,122,192,192,72,143,108
2393,302,92,123,188,187,73,147,108
2394,303,105,121,187,190,73,148,107
2395,303,79,123,192,192,71,143,107
2396,303,92,119,188,190,72,148,107
2397,299,91,123,188,190,73,146,107
2398,303,89,126,183,190,73,148,108
2399,296,94,123,189,187,75,145,108
2400,304,98,121,188,187,79,144,108
2401,303,92,122,187,187,71,147,108
2402,304,96,122,188,190,72,148,112
2403,303,87,123,188,192,73,145,107
2404,299,109,123,183,191,73,148,112
2405,296,93,123,188,188,75,145,106
2406,304,96,123,189,190,75,145,107
2407,303,86,123,188,192,73,145,107
2408,304,103,124,189,191,72,147,106
2409,303,94,125,185,187,73,148,108
2410,300,94,119,189,191,73,148,112
2411,300,96,122,189,191,72,148,112
2412,303,92,124,185,187,73,148,108
2413,303,91,128,187,191,73,147,108
2414,303,86,127,185,198,72,147,106
2415,304,95,120,189,190,71,152,105
2416,304,93,120,189,190,73,150,105
2417,306,98,120,189,191,73,153,105
2418,304,106,123,189,200,71,148,108
2419,304,89,124,189,191,73,147,107
2420,295,90,120,187,191,73,148,108
2421,302,92,121,187,191,73,148,108
2422,303,91,125,183,191,73,148,108
2423,299,90,122,188,192,71,147,107
2424,303,96,123,189,190,74,145,106
2425,303,90,119,189,191,72,156,108
2426,295,95,122,189,191,76,148,107
2427,295,84,121,187,191,73,148,112
2428,291,75,123,192,192,71,147,107
2429,304,87,123,192,192,71,148,108
2430,302,96,123,189,190,80,148,105
2431,299,89,124,192,192,71,147,108
2432,299,93,124,192,192,71,147,108
2433,303,105,121,187,191,73,148,108
2434,302,102,121,191,187,73,144,107
2435,303,93,124,183,191,73,148,108
2436,295,79,122,187,187,73,148,108
